-- MySQL dump 10.13  Distrib 8.0.43, for Win64 (x86_64)
--
-- Host: metro.proxy.rlwy.net    Database: railway
-- ------------------------------------------------------
-- Server version	9.4.0

/*!40101 SET @OLD_CHARACTER_SET_CLIENT=@@CHARACTER_SET_CLIENT */;
/*!40101 SET @OLD_CHARACTER_SET_RESULTS=@@CHARACTER_SET_RESULTS */;
/*!40101 SET @OLD_COLLATION_CONNECTION=@@COLLATION_CONNECTION */;
/*!50503 SET NAMES utf8mb4 */;
/*!40103 SET @OLD_TIME_ZONE=@@TIME_ZONE */;
/*!40103 SET TIME_ZONE='+00:00' */;
/*!40014 SET @OLD_UNIQUE_CHECKS=@@UNIQUE_CHECKS, UNIQUE_CHECKS=0 */;
/*!40014 SET @OLD_FOREIGN_KEY_CHECKS=@@FOREIGN_KEY_CHECKS, FOREIGN_KEY_CHECKS=0 */;
/*!40101 SET @OLD_SQL_MODE=@@SQL_MODE, SQL_MODE='NO_AUTO_VALUE_ON_ZERO' */;
/*!40111 SET @OLD_SQL_NOTES=@@SQL_NOTES, SQL_NOTES=0 */;

--
-- Table structure for table `auth_group`
--

DROP TABLE IF EXISTS `auth_group`;
/*!40101 SET @saved_cs_client     = @@character_set_client */;
/*!50503 SET character_set_client = utf8mb4 */;
CREATE TABLE `auth_group` (
  `id` int NOT NULL AUTO_INCREMENT,
  `name` varchar(150) NOT NULL,
  PRIMARY KEY (`id`),
  UNIQUE KEY `name` (`name`)
) ENGINE=InnoDB DEFAULT CHARSET=utf8mb4 COLLATE=utf8mb4_0900_ai_ci;
/*!40101 SET character_set_client = @saved_cs_client */;

--
-- Dumping data for table `auth_group`
--

LOCK TABLES `auth_group` WRITE;
/*!40000 ALTER TABLE `auth_group` DISABLE KEYS */;
/*!40000 ALTER TABLE `auth_group` ENABLE KEYS */;
UNLOCK TABLES;

--
-- Table structure for table `auth_group_permissions`
--

DROP TABLE IF EXISTS `auth_group_permissions`;
/*!40101 SET @saved_cs_client     = @@character_set_client */;
/*!50503 SET character_set_client = utf8mb4 */;
CREATE TABLE `auth_group_permissions` (
  `id` bigint NOT NULL AUTO_INCREMENT,
  `group_id` int NOT NULL,
  `permission_id` int NOT NULL,
  PRIMARY KEY (`id`),
  UNIQUE KEY `auth_group_permissions_group_id_permission_id_0cd325b0_uniq` (`group_id`,`permission_id`),
  KEY `auth_group_permissio_permission_id_84c5c92e_fk_auth_perm` (`permission_id`),
  CONSTRAINT `auth_group_permissio_permission_id_84c5c92e_fk_auth_perm` FOREIGN KEY (`permission_id`) REFERENCES `auth_permission` (`id`),
  CONSTRAINT `auth_group_permissions_group_id_b120cbf9_fk_auth_group_id` FOREIGN KEY (`group_id`) REFERENCES `auth_group` (`id`)
) ENGINE=InnoDB DEFAULT CHARSET=utf8mb4 COLLATE=utf8mb4_0900_ai_ci;
/*!40101 SET character_set_client = @saved_cs_client */;

--
-- Dumping data for table `auth_group_permissions`
--

LOCK TABLES `auth_group_permissions` WRITE;
/*!40000 ALTER TABLE `auth_group_permissions` DISABLE KEYS */;
/*!40000 ALTER TABLE `auth_group_permissions` ENABLE KEYS */;
UNLOCK TABLES;

--
-- Table structure for table `auth_permission`
--

DROP TABLE IF EXISTS `auth_permission`;
/*!40101 SET @saved_cs_client     = @@character_set_client */;
/*!50503 SET character_set_client = utf8mb4 */;
CREATE TABLE `auth_permission` (
  `id` int NOT NULL AUTO_INCREMENT,
  `name` varchar(255) NOT NULL,
  `content_type_id` int NOT NULL,
  `codename` varchar(100) NOT NULL,
  PRIMARY KEY (`id`),
  UNIQUE KEY `auth_permission_content_type_id_codename_01ab375a_uniq` (`content_type_id`,`codename`),
  CONSTRAINT `auth_permission_content_type_id_2f476e4b_fk_django_co` FOREIGN KEY (`content_type_id`) REFERENCES `django_content_type` (`id`)
) ENGINE=InnoDB AUTO_INCREMENT=73 DEFAULT CHARSET=utf8mb4 COLLATE=utf8mb4_0900_ai_ci;
/*!40101 SET character_set_client = @saved_cs_client */;

--
-- Dumping data for table `auth_permission`
--

LOCK TABLES `auth_permission` WRITE;
/*!40000 ALTER TABLE `auth_permission` DISABLE KEYS */;
INSERT INTO `auth_permission` VALUES (1,'Can add log entry',1,'add_logentry'),(2,'Can change log entry',1,'change_logentry'),(3,'Can delete log entry',1,'delete_logentry'),(4,'Can view log entry',1,'view_logentry'),(5,'Can add permission',2,'add_permission'),(6,'Can change permission',2,'change_permission'),(7,'Can delete permission',2,'delete_permission'),(8,'Can view permission',2,'view_permission'),(9,'Can add group',3,'add_group'),(10,'Can change group',3,'change_group'),(11,'Can delete group',3,'delete_group'),(12,'Can view group',3,'view_group'),(13,'Can add content type',4,'add_contenttype'),(14,'Can change content type',4,'change_contenttype'),(15,'Can delete content type',4,'delete_contenttype'),(16,'Can view content type',4,'view_contenttype'),(17,'Can add session',5,'add_session'),(18,'Can change session',5,'change_session'),(19,'Can delete session',5,'delete_session'),(20,'Can view session',5,'view_session'),(21,'Can add Payment',6,'add_payment'),(22,'Can change Payment',6,'change_payment'),(23,'Can delete Payment',6,'delete_payment'),(24,'Can view Payment',6,'view_payment'),(25,'Can add Payment Detail',7,'add_paymentdetail'),(26,'Can change Payment Detail',7,'change_paymentdetail'),(27,'Can delete Payment Detail',7,'delete_paymentdetail'),(28,'Can view Payment Detail',7,'view_paymentdetail'),(29,'Can add Category',8,'add_category'),(30,'Can change Category',8,'change_category'),(31,'Can delete Category',8,'delete_category'),(32,'Can view Category',8,'view_category'),(33,'Can add custom user',9,'add_customuser'),(34,'Can change custom user',9,'change_customuser'),(35,'Can delete custom user',9,'delete_customuser'),(36,'Can view custom user',9,'view_customuser'),(37,'Can add cart',10,'add_cart'),(38,'Can change cart',10,'change_cart'),(39,'Can delete cart',10,'delete_cart'),(40,'Can view cart',10,'view_cart'),(41,'Can add password reset token',11,'add_passwordresettoken'),(42,'Can change password reset token',11,'change_passwordresettoken'),(43,'Can delete password reset token',11,'delete_passwordresettoken'),(44,'Can view password reset token',11,'view_passwordresettoken'),(45,'Can add payment method',12,'add_paymentmethod'),(46,'Can change payment method',12,'change_paymentmethod'),(47,'Can delete payment method',12,'delete_paymentmethod'),(48,'Can view payment method',12,'view_paymentmethod'),(49,'Can add order',13,'add_order'),(50,'Can change order',13,'change_order'),(51,'Can delete order',13,'delete_order'),(52,'Can view order',13,'view_order'),(53,'Can add Product',14,'add_product'),(54,'Can change Product',14,'change_product'),(55,'Can delete Product',14,'delete_product'),(56,'Can view Product',14,'view_product'),(57,'Can add Order Item',15,'add_orderitem'),(58,'Can change Order Item',15,'change_orderitem'),(59,'Can delete Order Item',15,'delete_orderitem'),(60,'Can view Order Item',15,'view_orderitem'),(61,'Can add cart item',16,'add_cartitem'),(62,'Can change cart item',16,'change_cartitem'),(63,'Can delete cart item',16,'delete_cartitem'),(64,'Can view cart item',16,'view_cartitem'),(65,'Can add product image',17,'add_productimage'),(66,'Can change product image',17,'change_productimage'),(67,'Can delete product image',17,'delete_productimage'),(68,'Can view product image',17,'view_productimage'),(69,'Can add Shipping Address',18,'add_shippingaddress'),(70,'Can change Shipping Address',18,'change_shippingaddress'),(71,'Can delete Shipping Address',18,'delete_shippingaddress'),(72,'Can view Shipping Address',18,'view_shippingaddress');
/*!40000 ALTER TABLE `auth_permission` ENABLE KEYS */;
UNLOCK TABLES;

--
-- Table structure for table `cart`
--

DROP TABLE IF EXISTS `cart`;
/*!40101 SET @saved_cs_client     = @@character_set_client */;
/*!50503 SET character_set_client = utf8mb4 */;
CREATE TABLE `cart` (
  `id` bigint NOT NULL AUTO_INCREMENT,
  `quantity` int unsigned NOT NULL,
  `created_at` datetime(6) NOT NULL,
  `user_id` bigint NOT NULL,
  `product_id` int NOT NULL,
  PRIMARY KEY (`id`),
  KEY `cart_product_id_508e72da_fk_products_product_id` (`product_id`),
  KEY `cart_user_id_1361a739_fk_main_app_customuser_id` (`user_id`),
  CONSTRAINT `cart_product_id_508e72da_fk_products_product_id` FOREIGN KEY (`product_id`) REFERENCES `products` (`product_id`),
  CONSTRAINT `cart_user_id_1361a739_fk_main_app_customuser_id` FOREIGN KEY (`user_id`) REFERENCES `main_app_customuser` (`id`),
  CONSTRAINT `cart_chk_1` CHECK ((`quantity` >= 0))
) ENGINE=InnoDB DEFAULT CHARSET=utf8mb4 COLLATE=utf8mb4_0900_ai_ci;
/*!40101 SET character_set_client = @saved_cs_client */;

--
-- Dumping data for table `cart`
--

LOCK TABLES `cart` WRITE;
/*!40000 ALTER TABLE `cart` DISABLE KEYS */;
/*!40000 ALTER TABLE `cart` ENABLE KEYS */;
UNLOCK TABLES;

--
-- Table structure for table `cart_items`
--

DROP TABLE IF EXISTS `cart_items`;
/*!40101 SET @saved_cs_client     = @@character_set_client */;
/*!50503 SET character_set_client = utf8mb4 */;
CREATE TABLE `cart_items` (
  `cart_item_id` int NOT NULL AUTO_INCREMENT,
  `quantity` int NOT NULL,
  `cart_id` bigint NOT NULL,
  `product_id` int NOT NULL,
  PRIMARY KEY (`cart_item_id`),
  KEY `cart_items_cart_id_54d2714b_fk_cart_id` (`cart_id`),
  KEY `cart_items_product_id_9398bb89_fk_products_product_id` (`product_id`),
  CONSTRAINT `cart_items_cart_id_54d2714b_fk_cart_id` FOREIGN KEY (`cart_id`) REFERENCES `cart` (`id`),
  CONSTRAINT `cart_items_product_id_9398bb89_fk_products_product_id` FOREIGN KEY (`product_id`) REFERENCES `products` (`product_id`)
) ENGINE=InnoDB DEFAULT CHARSET=utf8mb4 COLLATE=utf8mb4_0900_ai_ci;
/*!40101 SET character_set_client = @saved_cs_client */;

--
-- Dumping data for table `cart_items`
--

LOCK TABLES `cart_items` WRITE;
/*!40000 ALTER TABLE `cart_items` DISABLE KEYS */;
/*!40000 ALTER TABLE `cart_items` ENABLE KEYS */;
UNLOCK TABLES;

--
-- Table structure for table `categories`
--

DROP TABLE IF EXISTS `categories`;
/*!40101 SET @saved_cs_client     = @@character_set_client */;
/*!50503 SET character_set_client = utf8mb4 */;
CREATE TABLE `categories` (
  `category_id` int NOT NULL AUTO_INCREMENT,
  `name` varchar(100) NOT NULL,
  `description` longtext,
  `created_at` datetime(6) NOT NULL,
  PRIMARY KEY (`category_id`)
) ENGINE=InnoDB AUTO_INCREMENT=21 DEFAULT CHARSET=utf8mb4 COLLATE=utf8mb4_0900_ai_ci;
/*!40101 SET character_set_client = @saved_cs_client */;

--
-- Dumping data for table `categories`
--

LOCK TABLES `categories` WRITE;
/*!40000 ALTER TABLE `categories` DISABLE KEYS */;
INSERT INTO `categories` VALUES (1,'Accessories for Phones & Tablets','','2025-08-28 15:01:52.135834'),(2,'Phones & Tablets','','2025-08-29 09:05:31.100216'),(3,'AirPods/Earbuds & Headsets','','2025-08-29 09:05:59.423434'),(4,'Laptops/Computers & Accessories','','2025-08-29 09:06:16.704730'),(6,'Screen Protector/Guard & Cases','','2025-08-29 09:06:27.948061'),(7,'Powerbanks','','2025-08-29 09:06:44.093214'),(8,'Watches & Smartwatches','','2025-08-29 09:06:52.156061'),(9,'Video Games & Accessories','','2025-08-29 09:07:00.611734'),(14,'Electronics','','2025-09-15 20:09:00.713186'),(15,'Accessories for Electronics','','2025-09-19 06:29:03.458057'),(16,'Software & Server Services','','2025-09-19 09:08:45.849472'),(17,'Cameras & Photography','','2025-09-21 19:04:27.882234'),(18,'Home Appliances','','2025-09-21 19:05:05.209917'),(19,'Networking Devices','','2025-09-21 19:07:34.825700'),(20,'Drones & Accessories','','2025-09-21 19:07:50.617917');
/*!40000 ALTER TABLE `categories` ENABLE KEYS */;
UNLOCK TABLES;

--
-- Table structure for table `django_admin_log`
--

DROP TABLE IF EXISTS `django_admin_log`;
/*!40101 SET @saved_cs_client     = @@character_set_client */;
/*!50503 SET character_set_client = utf8mb4 */;
CREATE TABLE `django_admin_log` (
  `id` int NOT NULL AUTO_INCREMENT,
  `action_time` datetime(6) NOT NULL,
  `object_id` longtext,
  `object_repr` varchar(200) NOT NULL,
  `action_flag` smallint unsigned NOT NULL,
  `change_message` longtext NOT NULL,
  `content_type_id` int DEFAULT NULL,
  `user_id` bigint NOT NULL,
  PRIMARY KEY (`id`),
  KEY `django_admin_log_content_type_id_c4bce8eb_fk_django_co` (`content_type_id`),
  KEY `django_admin_log_user_id_c564eba6_fk_main_app_customuser_id` (`user_id`),
  CONSTRAINT `django_admin_log_content_type_id_c4bce8eb_fk_django_co` FOREIGN KEY (`content_type_id`) REFERENCES `django_content_type` (`id`),
  CONSTRAINT `django_admin_log_user_id_c564eba6_fk_main_app_customuser_id` FOREIGN KEY (`user_id`) REFERENCES `main_app_customuser` (`id`),
  CONSTRAINT `django_admin_log_chk_1` CHECK ((`action_flag` >= 0))
) ENGINE=InnoDB AUTO_INCREMENT=615 DEFAULT CHARSET=utf8mb4 COLLATE=utf8mb4_0900_ai_ci;
/*!40101 SET character_set_client = @saved_cs_client */;

--
-- Dumping data for table `django_admin_log`
--

LOCK TABLES `django_admin_log` WRITE;
/*!40000 ALTER TABLE `django_admin_log` DISABLE KEYS */;
INSERT INTO `django_admin_log` VALUES (1,'2025-08-28 15:01:52.281642','1','Accessrioes',1,'[{\"added\": {}}]',8,2),(2,'2025-08-28 15:03:35.870363','1','Tracker Tags-4 Pack',1,'[{\"added\": {}}]',14,2),(3,'2025-08-28 15:07:26.075368','1','Image for Tracker Tags-4 Pack',1,'[{\"added\": {}}]',17,2),(4,'2025-08-29 08:52:00.992847','1','Image for Tracker Tags-4 Pack',2,'[{\"changed\": {\"fields\": [\"Image\", \"Secondary image\", \"Tertiary image\", \"Quaternary image\"]}}]',17,2),(5,'2025-08-29 08:52:34.460731','1','Image for Tracker Tags-4 Pack',2,'[{\"changed\": {\"fields\": [\"Image\", \"Secondary image\", \"Tertiary image\", \"Quaternary image\"]}}]',17,2),(6,'2025-08-29 08:53:03.031208','1','Tracker Tags-4 Pack',2,'[{\"changed\": {\"fields\": [\"Image\"]}}]',14,2),(7,'2025-08-29 09:05:31.245762','2','Phones & Tablets',1,'[{\"added\": {}}]',8,2),(8,'2025-08-29 09:05:59.568997','3','Headsets & Airpods',1,'[{\"added\": {}}]',8,2),(9,'2025-08-29 09:06:16.850703','4','Laptops',1,'[{\"added\": {}}]',8,2),(10,'2025-08-29 09:06:17.883155','5','Laptops',1,'[{\"added\": {}}]',8,2),(11,'2025-08-29 09:06:28.094757','6','Pouches & Guides',1,'[{\"added\": {}}]',8,2),(12,'2025-08-29 09:06:44.238821','7','Powerbanks',1,'[{\"added\": {}}]',8,2),(13,'2025-08-29 09:06:52.301747','8','Watches',1,'[{\"added\": {}}]',8,2),(14,'2025-08-29 09:07:00.757335','9','Games',1,'[{\"added\": {}}]',8,2),(15,'2025-08-29 09:07:57.288178','5','Laptops',3,'',8,2),(16,'2025-08-29 09:08:49.186821','1','PaymentMethod object (1)',1,'[{\"added\": {}}]',12,2),(17,'2025-08-29 09:09:06.418748','2','PaymentMethod object (2)',1,'[{\"added\": {}}]',12,2),(18,'2025-08-30 08:41:28.421678','2','PlayStation速5 console (slim)',1,'[{\"added\": {}}]',14,2),(19,'2025-08-30 08:42:18.507599','2','Image for PlayStation速5 console (slim)',1,'[{\"added\": {}}]',17,2),(20,'2025-08-30 08:45:32.453148','3','PlayStation DualSense速 Wireless Controller - White',1,'[{\"added\": {}}]',14,2),(21,'2025-08-30 08:46:19.851626','3','Image for PlayStation DualSense速 Wireless Controller - White',1,'[{\"added\": {}}]',17,2),(22,'2025-08-30 08:50:34.635449','4','Sony PS5 PlayStation 5',1,'[{\"added\": {}}]',14,2),(23,'2025-08-30 08:51:21.336948','4','Image for Sony PS5 PlayStation 5',1,'[{\"added\": {}}]',17,2),(24,'2025-08-30 08:58:16.275541','5','Sony PlayStation 5 Pro',1,'[{\"added\": {}}]',14,2),(25,'2025-08-30 08:59:04.306368','5','Image for Sony PlayStation 5 Pro',1,'[{\"added\": {}}]',17,2),(26,'2025-08-30 09:02:59.900776','6','Playstation 4 Pro',1,'[{\"added\": {}}]',14,2),(27,'2025-08-30 09:03:31.975596','6','Image for Playstation 4 Pro',1,'[{\"added\": {}}]',17,2),(28,'2025-08-30 09:12:06.879557','7','PS4 Slim',1,'[{\"added\": {}}]',14,2),(29,'2025-08-30 09:13:44.581014','7','Image for PS4 Slim',1,'[{\"added\": {}}]',17,2),(30,'2025-08-30 09:17:53.179565','8','DualShock 4 Wireless Controller',1,'[{\"added\": {}}]',14,2),(31,'2025-08-30 09:18:25.807322','8','Image for DualShock 4 Wireless Controller',1,'[{\"added\": {}}]',17,2),(32,'2025-08-30 09:22:24.336413','9','Apple Pencil (2nd Generation)',1,'[{\"added\": {}}]',14,2),(33,'2025-08-30 09:23:24.289839','9','Image for Apple Pencil (2nd Generation)',1,'[{\"added\": {}}]',17,2),(34,'2025-08-30 09:30:48.237688','10','AirPods Pro 2',1,'[{\"added\": {}}]',14,2),(35,'2025-08-30 09:31:41.156298','10','Image for AirPods Pro 2',1,'[{\"added\": {}}]',17,2),(36,'2025-08-30 10:06:25.996793','11','AirPods 4',1,'[{\"added\": {}}]',14,2),(37,'2025-08-30 10:35:34.270796','12','Apple AirPods Max',1,'[{\"added\": {}}]',14,2),(38,'2025-08-30 10:59:54.509798','11','Image for Apple AirPods Max',1,'[{\"added\": {}}]',17,2),(39,'2025-08-30 11:05:11.118179','12','Image for AirPods 4',1,'[{\"added\": {}}]',17,2),(40,'2025-08-30 11:11:54.335772','13','Sony WH-1000XM6',1,'[{\"added\": {}}]',14,2),(41,'2025-08-30 11:13:32.811376','13','Image for Sony WH-1000XM6',1,'[{\"added\": {}}]',17,2),(42,'2025-08-30 12:32:38.543753','14','Apple Pencil (USB-C)',1,'[{\"added\": {}}]',14,2),(43,'2025-08-30 12:35:20.333431','14','Image for Apple Pencil (USB-C)',1,'[{\"added\": {}}]',17,2),(44,'2025-08-30 12:38:16.057346','15','Apple Pencil (1st generation)',1,'[{\"added\": {}}]',14,2),(45,'2025-08-30 12:39:45.081814','15','Image for Apple Pencil (1st generation)',1,'[{\"added\": {}}]',17,2),(46,'2025-08-30 13:00:05.559639','16','Apple Pencil Pro',1,'[{\"added\": {}}]',14,2),(47,'2025-08-30 13:01:37.740048','16','Image for Apple Pencil Pro',1,'[{\"added\": {}}]',17,2),(48,'2025-08-30 13:15:08.267680','17','Apple 2022 iPad Pro',1,'[{\"added\": {}}]',14,2),(49,'2025-08-30 13:18:27.858762','17','Image for Apple 2022 iPad Pro',1,'[{\"added\": {}}]',17,2),(50,'2025-08-30 13:18:51.936114','18','Image for Apple 2022 iPad Pro',1,'[{\"added\": {}}]',17,2),(51,'2025-08-30 13:22:23.036268','18','Apple iPad Pro 2024',1,'[{\"added\": {}}]',14,2),(52,'2025-08-30 13:23:42.847414','19','Image for Apple iPad Pro 2024',1,'[{\"added\": {}}]',17,2),(53,'2025-08-30 13:29:12.819051','19','Apple iPad Pro (M4)',1,'[{\"added\": {}}]',14,2),(54,'2025-08-30 13:30:24.135466','20','Image for Apple iPad Pro (M4)',1,'[{\"added\": {}}]',17,2),(55,'2025-08-30 13:33:36.897196','20','Apple 2021 11-inch iPad Pro (Wi-Fi + Cellular, 256GB)',1,'[{\"added\": {}}]',14,2),(56,'2025-08-30 13:34:22.504010','21','Image for Apple 2021 11-inch iPad Pro (Wi-Fi + Cellular, 256GB)',1,'[{\"added\": {}}]',17,2),(57,'2025-08-30 13:38:29.641414','21','Apple 2020 iPad Pro (12.9-inch, Wi-Fi + Cellular, 512GB)',1,'[{\"added\": {}}]',14,2),(58,'2025-08-30 13:39:39.345218','22','Image for Apple 2020 iPad Pro (12.9-inch, Wi-Fi + Cellular, 512GB)',1,'[{\"added\": {}}]',17,2),(59,'2025-08-30 13:42:02.998252','17','Apple 2022 iPad Pro',2,'[{\"changed\": {\"fields\": [\"Original price\", \"Discount\", \"Is deal of the day\"]}}]',14,2),(60,'2025-08-30 13:53:05.854122','22','Apple iPhone 16e',1,'[{\"added\": {}}]',14,2),(61,'2025-08-30 13:54:53.024778','23','Image for Apple iPhone 16e',1,'[{\"added\": {}}]',17,2),(62,'2025-08-30 13:58:50.770412','23','Apple iPhone 16 Pro, US Version, 128GB, Black Titanium - Unlocked',1,'[{\"added\": {}}]',14,2),(63,'2025-08-30 14:01:34.689973','24','Apple iPhone 16 Pro Max, US Version, 256GB, Desert Titanium',1,'[{\"added\": {}}]',14,2),(64,'2025-08-30 14:05:07.506419','24','Image for Apple iPhone 16 Pro Max, US Version, 256GB, Desert Titanium',1,'[{\"added\": {}}]',17,2),(65,'2025-08-30 14:19:01.008277','25','Samsung Galaxy S25 Ultra',1,'[{\"added\": {}}]',14,2),(66,'2025-08-30 14:20:47.174984','25','Image for Samsung Galaxy S25 Ultra',1,'[{\"added\": {}}]',17,2),(67,'2025-08-30 14:21:05.315359','26','Image for Samsung Galaxy S25 Ultra',1,'[{\"added\": {}}]',17,2),(68,'2025-08-30 14:22:05.623168','25','Image for Samsung Galaxy S25 Ultra',3,'',17,2),(69,'2025-08-30 14:29:40.971104','26','Samsung Galaxy S25',1,'[{\"added\": {}}]',14,2),(70,'2025-08-30 14:30:43.140681','27','Image for Samsung Galaxy S25',1,'[{\"added\": {}}]',17,2),(71,'2025-09-03 14:16:03.168732','21','Apple 2020 iPad Pro (12.9-inch, Wi-Fi + Cellular, 512GB)',2,'[{\"changed\": {\"fields\": [\"Image\"]}}]',14,2),(72,'2025-09-03 14:51:10.553898','27','Apple Watch Series 9 [GPS 41mm]',1,'[{\"added\": {}}]',14,2),(73,'2025-09-03 14:52:17.601596','28','Image for Apple Watch Series 9 [GPS 41mm]',1,'[{\"added\": {}}]',17,2),(74,'2025-09-03 14:55:03.442166','28','Apple Watch Ultra 2 [GPS + Cellular 49mm]',1,'[{\"added\": {}}]',14,2),(75,'2025-09-03 14:55:44.060995','29','Image for Apple Watch Ultra 2 [GPS + Cellular 49mm]',1,'[{\"added\": {}}]',17,2),(76,'2025-09-03 15:01:59.996878','29','Apple Watch Series 10 [GPS + Cellular 42mm case]',1,'[{\"added\": {}}]',14,2),(77,'2025-09-03 15:02:45.687865','30','Image for Apple Watch Series 10 [GPS + Cellular 42mm case]',1,'[{\"added\": {}}]',17,2),(78,'2025-09-03 15:06:49.607656','30','Apple Watch Series 10 [GPS 42mm case]',1,'[{\"added\": {}}]',14,2),(79,'2025-09-03 15:07:47.660773','31','Image for Apple Watch Series 10 [GPS 42mm case]',1,'[{\"added\": {}}]',17,2),(80,'2025-09-03 15:14:05.493267','31','Apple Watch SE (2nd Gen) [GPS + Cellular 40mm]',1,'[{\"added\": {}}]',14,2),(81,'2025-09-03 15:15:38.815349','32','Image for Apple Watch SE (2nd Gen) [GPS + Cellular 40mm]',1,'[{\"added\": {}}]',17,2),(82,'2025-09-03 15:22:59.419379','32','Apple Watch SE (2nd Gen) [GPS 40mm]',1,'[{\"added\": {}}]',14,2),(83,'2025-09-03 15:24:26.421612','33','Image for Apple Watch SE (2nd Gen) [GPS 40mm]',1,'[{\"added\": {}}]',17,2),(84,'2025-09-03 15:31:44.588667','33','Apple AirTag',1,'[{\"added\": {}}]',14,2),(85,'2025-09-03 15:34:40.017917','34','Image for Apple AirTag',1,'[{\"added\": {}}]',17,2),(86,'2025-09-03 15:45:06.181477','34','Anker Prime Power Bank, 27,650mAh',1,'[{\"added\": {}}]',14,2),(87,'2025-09-03 15:46:35.037237','35','Image for Anker Prime Power Bank, 27,650mAh',1,'[{\"added\": {}}]',17,2),(88,'2025-09-03 15:50:20.307223','35','ANKER Prime Power Bank, 27,650mAh with charging base',1,'[{\"added\": {}}]',14,2),(89,'2025-09-03 15:51:53.202907','36','Image for ANKER Prime Power Bank, 27,650mAh with charging base',1,'[{\"added\": {}}]',17,2),(90,'2025-09-03 15:56:52.107858','36','Anker Laptop Power Bank, 25,000mAh',1,'[{\"added\": {}}]',14,2),(91,'2025-09-03 15:57:51.534668','37','Image for Anker Laptop Power Bank, 25,000mAh',1,'[{\"added\": {}}]',17,2),(92,'2025-09-03 16:00:23.661757','37','Anker 737 Power Bank, 24,000mAh',1,'[{\"added\": {}}]',14,2),(93,'2025-09-03 16:02:16.035927','38','Image for Anker 737 Power Bank, 24,000mAh',1,'[{\"added\": {}}]',17,2),(94,'2025-09-03 16:05:12.217462','38','Anker Power Bank, 20,000mAh',1,'[{\"added\": {}}]',14,2),(95,'2025-09-03 16:08:31.188328','39','Image for Anker Power Bank, 20,000mAh',1,'[{\"added\": {}}]',17,2),(96,'2025-09-03 16:15:14.572985','39','Apple 2024 MacBook Pro Laptop with M4 chip',1,'[{\"added\": {}}]',14,2),(97,'2025-09-03 16:17:47.114071','40','Image for Apple 2024 MacBook Pro Laptop with M4 chip',1,'[{\"added\": {}}]',17,2),(98,'2025-09-03 16:22:46.077777','40','Apple 2024 MacBook Pro Laptop with M4 Pro',1,'[{\"added\": {}}]',14,2),(99,'2025-09-03 16:24:34.818833','41','Image for Apple 2024 MacBook Pro Laptop with M4 Pro',1,'[{\"added\": {}}]',17,2),(100,'2025-09-03 16:28:11.190932','41','Apple 2025 MacBook Air 15-inch Laptop with M4 chip',1,'[{\"added\": {}}]',14,2),(101,'2025-09-03 16:29:40.237617','42','Image for Apple 2025 MacBook Air 15-inch Laptop with M4 chip',1,'[{\"added\": {}}]',17,2),(102,'2025-09-03 16:33:18.958719','42','Apple 2025 MacBook Air 13-inch Laptop with M4 chip',1,'[{\"added\": {}}]',14,2),(103,'2025-09-03 16:38:17.709041','43','Image for Apple 2025 MacBook Air 13-inch Laptop with M4 chip',1,'[{\"added\": {}}]',17,2),(104,'2025-09-04 12:28:38.161778','43','ASUS Vivobook 16 Flip',1,'[{\"added\": {}}]',14,2),(105,'2025-09-04 12:29:48.555973','44','Image for ASUS Vivobook 16 Flip',1,'[{\"added\": {}}]',17,2),(106,'2025-09-04 12:34:42.633873','44','ASUS Vivobook 16',1,'[{\"added\": {}}]',14,2),(107,'2025-09-04 12:35:46.650365','45','Image for ASUS Vivobook 16',1,'[{\"added\": {}}]',17,2),(108,'2025-09-04 12:37:44.740768','45','Acer Nitro V Gaming Laptop',1,'[{\"added\": {}}]',14,2),(109,'2025-09-04 12:39:08.410453','46','Image for Acer Nitro V Gaming Laptop',1,'[{\"added\": {}}]',17,2),(110,'2025-09-04 12:43:41.242036','46','ASUS ROG Strix G16 (2025)',1,'[{\"added\": {}}]',14,2),(111,'2025-09-04 12:44:52.920966','47','Image for ASUS ROG Strix G16 (2025)',1,'[{\"added\": {}}]',17,2),(112,'2025-09-04 12:47:19.962220','47','ASUS ROG Strix G16 (2024) Gaming Laptop',1,'[{\"added\": {}}]',14,2),(113,'2025-09-04 12:50:18.958064','48','Image for ASUS ROG Strix G16 (2024) Gaming Laptop',1,'[{\"added\": {}}]',17,2),(114,'2025-09-04 12:52:30.768106','48','MSI Katana 15 HX 15.6',1,'[{\"added\": {}}]',14,2),(115,'2025-09-04 12:53:11.318702','49','Image for MSI Katana 15 HX 15.6',1,'[{\"added\": {}}]',17,2),(116,'2025-09-04 12:56:35.979724','49','HP Pavilion 15.6',1,'[{\"added\": {}}]',14,2),(117,'2025-09-04 12:57:30.110528','49','HP Pavilion 15.6',2,'[{\"changed\": {\"fields\": [\"Category\", \"Image\"]}}]',14,2),(118,'2025-09-04 12:58:47.351894','50','Image for HP Pavilion 15.6',1,'[{\"added\": {}}]',17,2),(119,'2025-09-04 13:05:52.616158','50','HP Pavilion 15.6\" FHD Laptop',1,'[{\"added\": {}}]',14,2),(120,'2025-09-04 13:07:07.372274','51','Image for HP Pavilion 15.6\" FHD Laptop',1,'[{\"added\": {}}]',17,2),(121,'2025-09-04 13:13:53.983424','51','HP Stream 14\" HD BrightView Laptop',1,'[{\"added\": {}}]',14,2),(122,'2025-09-04 13:14:00.876452','52','HP Stream 14\" HD BrightView Laptop',1,'[{\"added\": {}}]',14,2),(123,'2025-09-04 13:15:17.841594','52','HP Stream 14\" HD BrightView Laptop',3,'',14,2),(124,'2025-09-04 13:17:31.938155','52','Image for HP Stream 14\" HD BrightView Laptop',1,'[{\"added\": {}}]',17,2),(125,'2025-09-04 13:23:18.300925','53','Dell Inspiron',1,'[{\"added\": {}}]',14,2),(126,'2025-09-04 13:24:11.221579','53','Image for Dell Inspiron',1,'[{\"added\": {}}]',17,2),(127,'2025-09-04 13:30:21.591824','54','ASUS Vivobook 16',1,'[{\"added\": {}}]',14,2),(128,'2025-09-04 13:36:56.426840','54','ASUS Vivobook 16',3,'',14,2),(129,'2025-09-04 13:44:42.408658','55','Dell Inspiron 15',1,'[{\"added\": {}}]',14,2),(130,'2025-09-04 13:47:24.109966','54','Image for Dell Inspiron 15',1,'[{\"added\": {}}]',17,2),(131,'2025-09-04 14:02:23.032299','56','Anker Prime Charger',1,'[{\"added\": {}}]',14,2),(132,'2025-09-04 14:03:31.282690','55','Image for Anker Prime Charger',1,'[{\"added\": {}}]',17,2),(133,'2025-09-04 14:18:08.729296','48','MSI Katana 15 HX 15.6',2,'[{\"changed\": {\"fields\": [\"Image\"]}}]',14,2),(134,'2025-09-04 15:26:14.434097','17','Image for Apple 2022 iPad Pro',3,'',17,2),(135,'2025-09-11 08:56:11.012395','57','Google Pixel 9 Pro XL Case - Android Phone Case - Durable Protection - Stain-Resistant Silicone - Sl',1,'[{\"added\": {}}]',14,2),(136,'2025-09-11 08:56:56.337257','57','Google Pixel 9 Pro XL Case - Android Phone Case - Durable Protection - Stain-Resistant Silicone - Sl',2,'[{\"changed\": {\"fields\": [\"Image\"]}}]',14,2),(137,'2025-09-11 08:57:30.012629','57','Google Pixel 9 Pro XL Case - Android Phone Case - Durable Protection - Stain-Resistant Silicone - Sl',2,'[{\"changed\": {\"fields\": [\"Image\"]}}]',14,2),(138,'2025-09-11 08:58:04.320776','57','Google Pixel 9 Pro XL Case - Android Phone Case - Durable Protection - Stain-Resistant Silicone - Sl',2,'[{\"changed\": {\"fields\": [\"Is deal of the day\"]}}]',14,2),(139,'2025-09-11 09:04:15.402030','57','Google Pixel 9 Pro XL Case - Android Phone Case - Durable Protection - Stain-Resistant Silicone - Sl',2,'[{\"changed\": {\"fields\": [\"Image\"]}}]',14,2),(140,'2025-09-11 09:54:30.668079','45','Acer Nitro V Gaming Laptop',2,'[{\"changed\": {\"fields\": [\"Is abroad order\"]}}]',14,2),(141,'2025-09-11 09:57:27.103824','22','Apple iPhone 16e',2,'[{\"changed\": {\"fields\": [\"Is abroad order\", \"Abroad delivery days\"]}}]',14,2),(142,'2025-09-11 09:59:07.167659','56','Image for Google Pixel 9 Pro XL Case - Android Phone Case - Durable Protection - Stain-Resistant Silicone - Sl',1,'[{\"added\": {}}]',17,2),(143,'2025-09-11 10:03:30.715029','56','Image for Google Pixel 9 Pro XL Case - Android Phone Case - Durable Protection - Stain-Resistant Silicone - Sl',2,'[{\"changed\": {\"fields\": [\"Quaternary image\"]}}]',17,2),(144,'2025-09-11 10:39:30.295239','15','Apple Pencil (1st generation)',2,'[{\"changed\": {\"fields\": [\"Price\"]}}]',14,2),(145,'2025-09-11 10:40:39.410799','1','Tracker Tags-4 Pack',2,'[{\"changed\": {\"fields\": [\"Price\"]}}]',14,2),(146,'2025-09-11 10:43:00.129800','56','Anker Prime Charger',2,'[{\"changed\": {\"fields\": [\"Price\", \"Stock\"]}}]',14,2),(147,'2025-09-11 10:44:50.901162','56','Anker Prime Charger',2,'[{\"changed\": {\"fields\": [\"Price\"]}}]',14,2),(148,'2025-09-11 10:46:35.755720','12','Apple AirPods Max',2,'[{\"changed\": {\"fields\": [\"Stock\"]}}]',14,2),(149,'2025-09-11 10:48:14.330005','33','Apple AirTag',2,'[{\"changed\": {\"fields\": [\"Price\"]}}]',14,2),(150,'2025-09-11 10:54:16.222538','8','DualShock 4 Wireless Controller',2,'[{\"changed\": {\"fields\": [\"Price\"]}}]',14,2),(151,'2025-09-11 10:56:54.252837','14','Apple Pencil (USB-C)',2,'[{\"changed\": {\"fields\": [\"Price\", \"Stock\"]}}]',14,2),(152,'2025-09-11 11:18:27.827249','58','BACKBONE One Mobile Gaming Controller for Android and iPhone 15/16 Series (USB-C) - PlayStation Edit',1,'[{\"added\": {}}]',14,2),(153,'2025-09-11 11:23:53.480406','57','Image for BACKBONE One Mobile Gaming Controller for Android and iPhone 15/16 Series (USB-C) - PlayStation Edit',1,'[{\"added\": {}}]',17,2),(154,'2025-09-11 11:26:49.396013','57','Image for BACKBONE One Mobile Gaming Controller for Android and iPhone 15/16 Series (USB-C) - PlayStation Edit',2,'[]',17,2),(155,'2025-09-11 11:33:14.978325','58','Image for BACKBONE One Mobile Gaming Controller for Android and iPhone 15/16 Series (USB-C) - PlayStation Edit',1,'[{\"added\": {}}]',17,2),(156,'2025-09-11 11:36:50.742795','58','BACKBONE One Mobile Gaming Controller for Android and iPhone 15/16 Series (USB-C) - PlayStation Edit',2,'[{\"changed\": {\"fields\": [\"Image\"]}}]',14,2),(157,'2025-09-11 12:03:58.240067','57','Image for BACKBONE One Mobile Gaming Controller for Android and iPhone 15/16 Series (USB-C) - PlayStation Edit',3,'',17,2),(158,'2025-09-11 12:06:52.785446','58','Image for BACKBONE One Mobile Gaming Controller for Android and iPhone 15/16 Series (USB-C) - PlayStation Edit',2,'[{\"changed\": {\"fields\": [\"Tertiary image\"]}}]',17,2),(159,'2025-09-11 12:08:47.199780','58','Image for BACKBONE One Mobile Gaming Controller for Android and iPhone 15/16 Series (USB-C) - PlayStation Edit',2,'[{\"changed\": {\"fields\": [\"Secondary image\", \"Tertiary image\"]}}]',17,2),(160,'2025-09-11 12:10:46.180740','58','Image for BACKBONE One Mobile Gaming Controller for Android and iPhone 15/16 Series (USB-C) - PlayStation Edit',2,'[{\"changed\": {\"fields\": [\"Secondary image\"]}}]',17,2),(161,'2025-09-11 12:13:01.101924','58','Image for BACKBONE One Mobile Gaming Controller for Android and iPhone 15/16 Series (USB-C) - PlayStation Edit',2,'[{\"changed\": {\"fields\": [\"Image\", \"Secondary image\", \"Tertiary image\", \"Quaternary image\"]}}]',17,2),(162,'2025-09-11 12:22:25.748262','58','Image for BACKBONE One Mobile Gaming Controller for Android and iPhone 15/16 Series (USB-C) - PlayStation Edit',2,'[{\"changed\": {\"fields\": [\"Image\", \"Secondary image\", \"Tertiary image\", \"Quaternary image\"]}}]',17,2),(163,'2025-09-11 12:33:57.915039','58','Image for BACKBONE One Mobile Gaming Controller for Android and iPhone 15/16 Series (USB-C) - PlayStation Edit',2,'[{\"changed\": {\"fields\": [\"Image\", \"Secondary image\", \"Tertiary image\", \"Quaternary image\"]}}]',17,2),(164,'2025-09-11 12:41:04.023223','22','Apple iPhone 16e',2,'[{\"changed\": {\"fields\": [\"Abroad delivery days\"]}}]',14,2),(165,'2025-09-11 12:59:59.109593','59','Soundcore by Anker P20i True Wireless Earbuds,',1,'[{\"added\": {}}]',14,2),(166,'2025-09-11 13:04:23.812721','55','Image for Anker Prime Charger',2,'[{\"changed\": {\"fields\": [\"Image\", \"Secondary image\", \"Tertiary image\", \"Quaternary image\"]}}]',17,2),(167,'2025-09-11 13:07:33.669374','22','Apple iPhone 16e',2,'[]',14,2),(168,'2025-09-11 13:08:44.086470','22','Apple iPhone 16e',2,'[{\"changed\": {\"fields\": [\"Abroad delivery days\"]}}]',14,2),(169,'2025-09-11 13:17:16.280977','59','Image for Soundcore by Anker P20i True Wireless Earbuds,',1,'[{\"added\": {}}]',17,2),(170,'2025-09-11 13:18:51.464521','59','Soundcore by Anker P20i True Wireless Earbuds,',2,'[{\"changed\": {\"fields\": [\"Description\"]}}]',14,2),(171,'2025-09-11 13:24:08.593493','59','Soundcore by Anker P20i True Wireless Earbuds, 10mm Drivers with Big Bass, Bluetooth 5.3, 30H Long P',2,'[{\"changed\": {\"fields\": [\"Name\"]}}]',14,2),(172,'2025-09-11 13:32:29.623593','55','Image for Anker Prime Charger',2,'[{\"changed\": {\"fields\": [\"Image\", \"Secondary image\", \"Tertiary image\", \"Quaternary image\"]}}]',17,2),(173,'2025-09-11 13:47:06.548663','3','Headphones & Earbuds',2,'[{\"changed\": {\"fields\": [\"Name\"]}}]',8,2),(174,'2025-09-11 13:47:29.987839','59','Soundcore by Anker P20i True Wireless Earbuds, 10mm Drivers with Big Bass, Bluetooth 5.3, 30 Hours',2,'[{\"changed\": {\"fields\": [\"Name\"]}}]',14,2),(175,'2025-09-11 13:48:20.524520','59','Soundcore by Anker P20i True Wireless Earbuds, 10mm Drivers with Big Bass, Bluetooth 5.3, 30H',2,'[{\"changed\": {\"fields\": [\"Name\"]}}]',14,2),(176,'2025-09-11 13:48:27.462788','59','Image for Soundcore by Anker P20i True Wireless Earbuds, 10mm Drivers with Big Bass, Bluetooth 5.3, 30H',2,'[]',17,2),(177,'2025-09-11 13:58:11.830707','22','Apple iPhone 16e',2,'[{\"changed\": {\"fields\": [\"Is abroad order\", \"Abroad delivery days\"]}}]',14,2),(178,'2025-09-11 14:00:37.623670','22','Apple iPhone 16e',2,'[{\"changed\": {\"fields\": [\"Is abroad order\", \"Abroad delivery days\"]}}]',14,2),(179,'2025-09-11 14:22:08.751079','10','Anker',1,'[{\"added\": {}}]',8,2),(180,'2025-09-11 14:23:08.374036','10','Chargers & Power Adapters',2,'[{\"changed\": {\"fields\": [\"Name\", \"Description\"]}}]',8,2),(181,'2025-09-11 14:24:16.004165','10','Chargers & Power Adapters/Charging Stations',2,'[{\"changed\": {\"fields\": [\"Name\"]}}]',8,2),(182,'2025-09-11 14:24:31.816869','56','Anker Prime Charger, 250W GaN Prime USB C Charging Station',2,'[{\"changed\": {\"fields\": [\"Name\", \"Category\"]}}]',14,2),(183,'2025-09-11 14:25:30.629459','55','Image for Anker Prime Charger, 250W GaN Prime USB C Charging Station',2,'[{\"changed\": {\"fields\": [\"Image\", \"Secondary image\", \"Tertiary image\", \"Quaternary image\", \"Description\"]}}]',17,2),(184,'2025-09-11 17:49:31.166538','22','Apple iPhone 16e',2,'[{\"changed\": {\"fields\": [\"Is abroad order\", \"Abroad delivery days\"]}}]',14,2),(185,'2025-09-11 18:25:04.449974','59','Soundcore by Anker P20i True Wireless Earbuds',2,'[{\"changed\": {\"fields\": [\"Name\"]}}]',14,2),(186,'2025-09-11 18:32:57.998559','60','Anker Prime Charging Station, 240W 8-in-1 USB C Power Strip',1,'[{\"added\": {}}]',14,2),(187,'2025-09-11 18:39:06.514485','60','Anker Prime Charging Station, 240W 8-in-1 USB C Power Strip',2,'[{\"changed\": {\"fields\": [\"Category\"]}}]',14,2),(188,'2025-09-11 18:54:29.983716','60','Image for Anker Prime Charging Station, 240W 8-in-1 USB C Power Strip',1,'[{\"added\": {}}]',17,2),(189,'2025-09-11 19:12:30.767696','61','Samsung Galaxy SmartTag2, Bluetooth Tracker',1,'[{\"added\": {}}]',14,2),(190,'2025-09-11 19:17:19.952120','61','Image for Samsung Galaxy SmartTag2, Bluetooth Tracker',1,'[{\"added\": {}}]',17,2),(191,'2025-09-11 19:22:18.568584','61','Samsung Galaxy SmartTag2, Bluetooth Tracker',2,'[{\"changed\": {\"fields\": [\"Image\"]}}]',14,2),(192,'2025-09-11 20:08:25.018753','62','Apple AirPods Pro 3 Wireless Earbuds, Active Noise Cancellation',1,'[{\"added\": {}}]',14,2),(193,'2025-09-11 20:09:16.661191','62','Apple AirPods Pro 3 Wireless Earbuds, Active Noise Cancellation',2,'[{\"changed\": {\"fields\": [\"Is abroad order\"]}}]',14,2),(194,'2025-09-11 20:11:23.582587','62','Image for Apple AirPods Pro 3 Wireless Earbuds, Active Noise Cancellation',1,'[{\"added\": {}}]',17,2),(195,'2025-09-11 20:20:02.817417','62','Apple AirPods Pro 3 Wireless Earbuds, Active Noise Cancellation (2025 Model)',2,'[{\"changed\": {\"fields\": [\"Name\"]}}]',14,2),(196,'2025-09-11 20:37:23.381468','63','Apple USB-C to Pencil (1st Generation) Adapter',1,'[{\"added\": {}}]',14,2),(197,'2025-09-11 20:51:11.813046','63','Image for Apple USB-C to Pencil (1st Generation) Adapter',1,'[{\"added\": {}}]',17,2),(198,'2025-09-11 21:05:21.412193','64','Microsoft Surface Slim Pen 2 Matte Black - Bluetooth 5.0 Connectivity',1,'[{\"added\": {}}]',14,2),(199,'2025-09-11 21:19:30.909222','65','SAMSUNG Galaxy Z Fold 6 Phone Case Gray',1,'[{\"added\": {}}]',14,2),(200,'2025-09-11 21:23:54.183600','64','Microsoft Surface Slim Pen 2 Matte Black - Bluetooth 5.0 Connectivity',2,'[{\"changed\": {\"fields\": [\"Image\"]}}]',14,2),(201,'2025-09-11 21:30:20.636361','64','Image for SAMSUNG Galaxy Z Fold 6 Phone Case Gray',1,'[{\"added\": {}}]',17,2),(202,'2025-09-11 21:39:18.837376','1','Apple AirTag 4 Pack',2,'[{\"changed\": {\"fields\": [\"Name\", \"Description\", \"Image\"]}}]',14,2),(203,'2025-09-11 21:42:34.427879','33','Apple AirTag Single',2,'[{\"changed\": {\"fields\": [\"Name\"]}}]',14,2),(204,'2025-09-11 21:44:42.422380','65','Image for Apple AirTag 4 Pack',1,'[{\"added\": {}}]',17,2),(205,'2025-09-11 21:49:57.447929','66','Image for Apple AirTag 4 Pack',1,'[{\"added\": {}}]',17,2),(206,'2025-09-11 21:56:44.656500','10','AirPods Pro 2 (2024 Model)',2,'[{\"changed\": {\"fields\": [\"Name\", \"Image\"]}}]',14,2),(207,'2025-09-11 21:58:35.397093','67','Image for AirPods Pro 2 (2024 Model)',1,'[{\"added\": {}}]',17,2),(208,'2025-09-11 22:10:14.150583','3','Headsets & AirPods',2,'[{\"changed\": {\"fields\": [\"Name\"]}}]',8,2),(209,'2025-09-11 22:12:39.814810','67','Image for AirPods Pro 2 (2024 Model)',2,'[{\"changed\": {\"fields\": [\"Image\", \"Secondary image\", \"Tertiary image\", \"Quaternary image\"]}}]',17,2),(210,'2025-09-11 22:17:27.678062','67','Image for AirPods Pro 2 (2024 Model)',3,'',17,2),(211,'2025-09-11 22:22:19.641427','10','Image for AirPods Pro 2 (2024 Model)',2,'[{\"changed\": {\"fields\": [\"Image\", \"Secondary image\", \"Tertiary image\", \"Quaternary image\", \"Description\"]}}]',17,2),(212,'2025-09-11 22:33:24.937669','66','Samsung Galaxy Z Fold7 Silicone Phone Case',1,'[{\"added\": {}}]',14,2),(213,'2025-09-11 22:36:00.725939','68','Image for Samsung Galaxy Z Fold7 Silicone Phone Case',1,'[{\"added\": {}}]',17,2),(214,'2025-09-11 22:57:37.660897','67','Google Pixel 10 Pro - Unlocked Android Smartphone',1,'[{\"added\": {}}]',14,2),(215,'2025-09-11 22:58:07.386568','62','Apple AirPods Pro 3 Wireless Earbuds',2,'[{\"changed\": {\"fields\": [\"Name\"]}}]',14,2),(216,'2025-09-11 23:02:07.164806','69','Image for Google Pixel 10 Pro - Unlocked Android Smartphone',1,'[{\"added\": {}}]',17,2),(217,'2025-09-11 23:05:06.078631','69','Image for Google Pixel 10 Pro - Unlocked Android Smartphone',2,'[{\"changed\": {\"fields\": [\"Image\"]}}]',17,2),(218,'2025-09-11 23:06:22.029080','69','Image for Google Pixel 10 Pro - Unlocked Android Smartphone',2,'[{\"changed\": {\"fields\": [\"Image\"]}}]',17,2),(219,'2025-09-11 23:08:50.940304','69','Image for Google Pixel 10 Pro - Unlocked Android Smartphone',2,'[{\"changed\": {\"fields\": [\"Image\", \"Secondary image\", \"Tertiary image\", \"Quaternary image\"]}}]',17,2),(220,'2025-09-12 08:41:41.218877','64','Microsoft Surface Slim Pen 2 Matte Black - Bluetooth 5.0 Connectivity',2,'[{\"changed\": {\"fields\": [\"Image\"]}}]',14,2),(221,'2025-09-12 08:45:57.685952','70','Image for Microsoft Surface Slim Pen 2 Matte Black - Bluetooth 5.0 Connectivity',1,'[{\"added\": {}}]',17,2),(222,'2025-09-12 09:02:18.080643','64','Microsoft Surface Slim Pen 2 Matte Black - Bluetooth 5.0 Connectivity',2,'[{\"changed\": {\"fields\": [\"Image\"]}}]',14,2),(223,'2025-09-12 09:35:12.077545','65','Image for Apple AirTag 4 Pack',3,'',17,2),(224,'2025-09-12 09:39:54.822408','66','Image for Apple AirTag 4 Pack',3,'',17,2),(225,'2025-09-12 09:45:15.225417','1','Image for Apple AirTag 4 Pack',2,'[{\"changed\": {\"fields\": [\"Image\", \"Secondary image\", \"Tertiary image\", \"Quaternary image\"]}}]',17,2),(226,'2025-09-12 09:46:49.609089','1','Image for Apple AirTag 4 Pack',2,'[{\"changed\": {\"fields\": [\"Quaternary image\"]}}]',17,2),(227,'2025-09-12 09:51:21.802023','69','Image for Google Pixel 10 Pro - Unlocked Android Smartphone',2,'[{\"changed\": {\"fields\": [\"Image\", \"Secondary image\", \"Tertiary image\", \"Quaternary image\"]}}]',17,2),(228,'2025-09-12 09:55:44.089531','67','Google Pixel 10 Pro - Unlocked Android Smartphone',2,'[{\"changed\": {\"fields\": [\"Image\"]}}]',14,2),(229,'2025-09-12 10:27:19.658050','68','Apple AirPods (3rd Generation) Wireless Earbuds with MagSafe Charging Case',1,'[{\"added\": {}}]',14,2),(230,'2025-09-12 10:27:43.550074','69','Apple AirPods (3rd Generation) Wireless Earbuds with MagSafe Charging Case',1,'[{\"added\": {}}]',14,2),(231,'2025-09-12 10:30:19.419291','68','Apple AirPods (3rd Generation) Wireless Earbuds with MagSafe Charging Case',3,'',14,2),(232,'2025-09-12 10:33:16.695096','71','Image for Apple AirPods (3rd Generation) Wireless Earbuds with MagSafe Charging Case',1,'[{\"added\": {}}]',17,2),(233,'2025-09-12 10:43:44.512535','70','Microsoft Surface Slim Pen Charger - Matte Black',1,'[{\"added\": {}}]',14,2),(234,'2025-09-12 10:43:45.378234','71','Microsoft Surface Slim Pen Charger - Matte Black',1,'[{\"added\": {}}]',14,2),(235,'2025-09-12 10:52:10.173216','70','Microsoft Surface Slim Pen Charger - Matte Black',3,'',14,2),(236,'2025-09-12 10:53:00.818059','72','Image for Microsoft Surface Slim Pen Charger - Matte Black',1,'[{\"added\": {}}]',17,2),(237,'2025-09-12 10:56:12.554449','71','Microsoft Surface Slim Pen Charger - Matte Black',2,'[{\"changed\": {\"fields\": [\"Image\"]}}]',14,2),(238,'2025-09-12 10:58:54.870999','72','Image for Microsoft Surface Slim Pen Charger - Matte Black',2,'[{\"changed\": {\"fields\": [\"Image\"]}}]',17,2),(239,'2025-09-12 11:04:51.433202','72','Image for Microsoft Surface Slim Pen Charger - Matte Black',2,'[{\"changed\": {\"fields\": [\"Image\"]}}]',17,2),(240,'2025-09-12 11:10:56.666653','72','Image for Microsoft Surface Slim Pen Charger - Matte Black',3,'',17,2),(241,'2025-09-12 11:17:12.545734','71','Microsoft Surface Slim Pen Charger - Matte Black',2,'[{\"changed\": {\"fields\": [\"Image\"]}}]',14,2),(242,'2025-09-12 11:18:06.020064','73','Image for Microsoft Surface Slim Pen Charger - Matte Black',1,'[{\"added\": {}}]',17,2),(243,'2025-09-12 11:24:12.440977','71','Microsoft Surface Slim Pen Charger - Matte Black',3,'',14,2),(244,'2025-09-12 11:28:53.186698','72','Microsoft Surface Slim Pen Charger - Matte Black',1,'[{\"added\": {}}]',14,2),(245,'2025-09-12 11:29:44.381154','74','Image for Microsoft Surface Slim Pen Charger - Matte Black',1,'[{\"added\": {}}]',17,2),(246,'2025-09-12 11:31:00.771663','74','Image for Microsoft Surface Slim Pen Charger - Matte Black',2,'[{\"changed\": {\"fields\": [\"Secondary image\"]}}]',17,2),(247,'2025-09-12 11:34:34.558905','74','Image for Microsoft Surface Slim Pen Charger - Matte Black',2,'[{\"changed\": {\"fields\": [\"Image\"]}}]',17,2),(248,'2025-09-12 11:37:30.883406','74','Image for Microsoft Surface Slim Pen Charger - Matte Black',2,'[{\"changed\": {\"fields\": [\"Secondary image\"]}}]',17,2),(249,'2025-09-12 11:46:09.205695','74','Image for Microsoft Surface Slim Pen Charger - Matte Black',2,'[{\"changed\": {\"fields\": [\"Tertiary image\"]}}]',17,2),(250,'2025-09-12 11:49:21.897873','74','Image for Microsoft Surface Slim Pen Charger - Matte Black',2,'[{\"changed\": {\"fields\": [\"Quaternary image\"]}}]',17,2),(251,'2025-09-12 11:54:29.383044','73','Anker 565 USB-C Hub (11-in-1)',1,'[{\"added\": {}}]',14,2),(252,'2025-09-12 11:56:12.142466','75','Image for Anker 565 USB-C Hub (11-in-1)',1,'[{\"added\": {}}]',17,2),(253,'2025-09-12 12:02:46.709306','74','Beats Powerbeats Pro 2 Wireless Bluetooth Earbuds - Noise Cancelling',1,'[{\"added\": {}}]',14,2),(254,'2025-09-12 12:06:11.828840','76','Image for Beats Powerbeats Pro 2 Wireless Bluetooth Earbuds - Noise Cancelling',1,'[{\"added\": {}}]',17,2),(255,'2025-09-12 12:17:01.341030','75','Razer Kishi V2 Gaming Controller for Android & iPhone 15 Series (USB C)',1,'[{\"added\": {}}]',14,2),(256,'2025-09-12 12:19:46.781957','77','Image for Razer Kishi V2 Gaming Controller for Android & iPhone 15 Series (USB C)',1,'[{\"added\": {}}]',17,2),(257,'2025-09-12 12:38:29.142240','76','Apple 240W USB-C to USB-C Woven Charge Cable (2 m)',1,'[{\"added\": {}}]',14,2),(258,'2025-09-12 12:44:40.687475','78','Image for Apple 240W USB-C to USB-C Woven Charge Cable (2 m)',1,'[{\"added\": {}}]',17,2),(259,'2025-09-12 13:03:07.233467','77','SAMSUNG Galaxy Buds3 (2024, ANC) Water Resistant',1,'[{\"added\": {}}]',14,2),(260,'2025-09-12 13:10:47.768529','77','SAMSUNG Galaxy Buds3 (2024, ANC) Water Resistant',2,'[{\"changed\": {\"fields\": [\"Image\"]}}]',14,2),(261,'2025-09-12 13:14:02.377512','79','Image for SAMSUNG Galaxy Buds3 (2024, ANC) Water Resistant',1,'[{\"added\": {}}]',17,2),(262,'2025-09-12 13:21:00.687174','79','Image for SAMSUNG Galaxy Buds3 (2024, ANC) Water Resistant',2,'[{\"changed\": {\"fields\": [\"Tertiary image\", \"Quaternary image\"]}}]',17,2),(263,'2025-09-12 13:22:06.515553','79','Image for SAMSUNG Galaxy Buds3 (2024, ANC) Water Resistant',2,'[{\"changed\": {\"fields\": [\"Tertiary image\"]}}]',17,2),(264,'2025-09-12 13:32:09.983450','78','Samsung Galaxy Buds 3 Pro AI True Wireless Bluetooth Earbuds',1,'[{\"added\": {}}]',14,2),(265,'2025-09-12 13:34:24.309934','77','SAMSUNG Galaxy Buds3 (2024, ANC) Water Resistant',2,'[{\"changed\": {\"fields\": [\"Category\"]}}]',14,2),(266,'2025-09-12 13:35:20.927373','78','Samsung Galaxy Buds 3 Pro AI True Wireless Bluetooth Earbuds',2,'[{\"changed\": {\"fields\": [\"Category\"]}}]',14,2),(267,'2025-09-12 13:36:55.971796','77','SAMSUNG Galaxy Buds3 (2024, ANC) Water Resistant',2,'[{\"changed\": {\"fields\": [\"Stock\"]}}]',14,2),(268,'2025-09-12 13:41:29.214322','79','Beats Fit Pro - True Wireless Noise Cancelling Earbuds',1,'[{\"added\": {}}]',14,2),(269,'2025-09-12 13:43:09.831483','80','Image for Beats Fit Pro - True Wireless Noise Cancelling Earbuds',1,'[{\"added\": {}}]',17,2),(270,'2025-09-12 13:44:37.754605','79','Beats Fit Pro - True Wireless Noise Cancelling Earbuds',2,'[{\"changed\": {\"fields\": [\"Category\"]}}]',14,2),(271,'2025-09-12 13:47:20.944102','74','Beats Powerbeats Pro 2 Wireless Bluetooth Earbuds - Noise Cancelling',2,'[{\"changed\": {\"fields\": [\"Category\"]}}]',14,2),(272,'2025-09-12 13:53:52.242535','80','Beats Powerbeats Pro Wireless Earbuds - Apple H1 Headphone Chip',1,'[{\"added\": {}}]',14,2),(273,'2025-09-12 13:55:47.508976','81','Image for Beats Powerbeats Pro Wireless Earbuds - Apple H1 Headphone Chip',1,'[{\"added\": {}}]',17,2),(274,'2025-09-12 14:11:36.462907','81','Apple iPhone Air',1,'[{\"added\": {}}]',14,2),(275,'2025-09-12 14:13:27.951120','81','Apple iPhone Air',2,'[{\"changed\": {\"fields\": [\"Is abroad order\", \"Abroad delivery days\"]}}]',14,2),(276,'2025-09-12 14:15:40.936390','82','Image for Apple iPhone Air',1,'[{\"added\": {}}]',17,2),(277,'2025-09-12 14:22:00.561795','69','Apple AirPods (3rd Generation) Wireless Earbuds with MagSafe Charging Case',2,'[{\"changed\": {\"fields\": [\"Category\"]}}]',14,2),(278,'2025-09-12 14:25:01.163682','62','Apple AirPods Pro 3 Wireless Earbuds',2,'[{\"changed\": {\"fields\": [\"Category\"]}}]',14,2),(279,'2025-09-12 14:31:12.390933','82','Image for Apple iPhone Air',2,'[{\"changed\": {\"fields\": [\"Secondary image\"]}}]',17,2),(280,'2025-09-12 14:32:43.199437','81','Apple iPhone Air',2,'[{\"changed\": {\"fields\": [\"Price\"]}}]',14,2),(281,'2025-09-12 14:33:53.087330','82','Image for Apple iPhone Air',2,'[{\"changed\": {\"fields\": [\"Image\", \"Secondary image\", \"Tertiary image\", \"Quaternary image\"]}}]',17,2),(282,'2025-09-12 14:36:07.372612','81','Apple iPhone Air',2,'[{\"changed\": {\"fields\": [\"Image\"]}}]',14,2),(283,'2025-09-12 14:38:30.264742','82','Image for Apple iPhone Air',2,'[{\"changed\": {\"fields\": [\"Secondary image\"]}}]',17,2),(284,'2025-09-12 14:39:37.460657','82','Image for Apple iPhone Air',2,'[{\"changed\": {\"fields\": [\"Tertiary image\"]}}]',17,2),(285,'2025-09-12 14:41:12.529526','82','Image for Apple iPhone Air',2,'[{\"changed\": {\"fields\": [\"Image\"]}}]',17,2),(286,'2025-09-12 14:42:11.717787','82','Image for Apple iPhone Air',2,'[{\"changed\": {\"fields\": [\"Quaternary image\"]}}]',17,2),(287,'2025-09-12 14:44:02.646766','82','Image for Apple iPhone Air',2,'[{\"changed\": {\"fields\": [\"Image\", \"Secondary image\", \"Tertiary image\", \"Quaternary image\"]}}]',17,2),(288,'2025-09-12 14:45:53.655204','81','Apple iPhone Air',2,'[{\"changed\": {\"fields\": [\"Price\"]}}]',14,2),(289,'2025-09-12 14:58:04.125967','82','iPhone 17 Pro 256GB',1,'[{\"added\": {}}]',14,2),(290,'2025-09-12 14:59:00.435033','81','Apple iPhone Air',2,'[{\"changed\": {\"fields\": [\"Price\"]}}]',14,2),(291,'2025-09-12 15:02:48.384857','83','Image for iPhone 17 Pro 256GB',1,'[{\"added\": {}}]',17,2),(292,'2025-09-12 15:07:25.514598','82','Apple iPhone 17 Pro 256GB',2,'[{\"changed\": {\"fields\": [\"Name\"]}}]',14,2),(293,'2025-09-12 15:18:26.329870','1','Order 1 for User sourceboy1',2,'[{\"changed\": {\"fields\": [\"Status\"]}}]',13,2),(294,'2025-09-12 15:18:56.339439','82','Apple iPhone 17 Pro 256GB',2,'[{\"changed\": {\"fields\": [\"Description\"]}}]',14,2),(295,'2025-09-12 15:25:24.766521','83','Image for Apple iPhone 17 Pro 256GB',2,'[{\"changed\": {\"fields\": [\"Image\"]}}]',17,2),(296,'2025-09-12 15:25:32.903788','1','Order 1 for User sourceboy1',2,'[{\"changed\": {\"fields\": [\"Status\"]}}]',13,2),(297,'2025-09-12 15:25:49.264679','1','Order 1 for User sourceboy1',2,'[{\"changed\": {\"fields\": [\"Status\"]}}]',13,2),(298,'2025-09-12 15:36:08.262483','83','Apple Watch Series 11',1,'[{\"added\": {}}]',14,2),(299,'2025-09-12 15:39:11.646230','84','Image for Apple Watch Series 11',1,'[{\"added\": {}}]',17,2),(300,'2025-09-13 13:09:08.834922','1','Order 1 for User sourceboy1',2,'[{\"changed\": {\"fields\": [\"Status\"]}}]',13,2),(301,'2025-09-13 14:35:23.374809','84','AirPods Max Ear Cushions',1,'[{\"added\": {}}]',14,2),(302,'2025-09-13 14:35:45.336301','85','AirPods Max Ear Cushions',1,'[{\"added\": {}}]',14,2),(303,'2025-09-13 14:38:04.246458','84','AirPods Max Ear Cushions',3,'',14,2),(304,'2025-09-13 14:42:09.747799','85','AirPods Max Ear Cushions',2,'[{\"changed\": {\"fields\": [\"Image\"]}}]',14,2),(305,'2025-09-13 14:43:57.566238','85','AirPods Max Ear Cushions',2,'[{\"changed\": {\"fields\": [\"Description\", \"Image\"]}}]',14,2),(306,'2025-09-13 14:46:10.436592','85','Image for AirPods Max Ear Cushions',1,'[{\"added\": {}}]',17,2),(307,'2025-09-13 14:50:39.449258','85','Image for AirPods Max Ear Cushions',2,'[{\"changed\": {\"fields\": [\"Quaternary image\"]}}]',17,2),(308,'2025-09-13 14:51:44.791886','85','AirPods Max Ear Cushions',2,'[{\"changed\": {\"fields\": [\"Image\"]}}]',14,2),(309,'2025-09-13 14:56:08.686599','85','AirPods Max Ear Cushions',2,'[{\"changed\": {\"fields\": [\"Image\"]}}]',14,2),(310,'2025-09-13 15:02:54.792154','85','Image for AirPods Max Ear Cushions',2,'[{\"changed\": {\"fields\": [\"Secondary image\", \"Tertiary image\", \"Quaternary image\"]}}]',17,2),(311,'2025-09-13 15:04:26.142170','85','Image for AirPods Max Ear Cushions',2,'[{\"changed\": {\"fields\": [\"Image\"]}}]',17,2),(312,'2025-09-13 17:09:14.056432','85','Apple AirPods Max Ear Cushions',2,'[{\"changed\": {\"fields\": [\"Name\"]}}]',14,2),(313,'2025-09-13 17:30:30.982494','86','Apple AirTag Loop/Case',1,'[{\"added\": {}}]',14,2),(314,'2025-09-13 18:02:09.885703','86','Image for Apple AirTag Loop/Case',1,'[{\"added\": {}}]',17,2),(315,'2025-09-14 09:08:58.460003','87','Anker HDMI Cable 8K@60Hz',1,'[{\"added\": {}}]',14,2),(316,'2025-09-14 09:10:18.508700','87','Image for Anker HDMI Cable 8K@60Hz',1,'[{\"added\": {}}]',17,2),(317,'2025-09-14 09:16:15.191294','78','Samsung Galaxy Buds 3 Pro AI True Wireless Bluetooth Earbuds',2,'[]',14,2),(318,'2025-09-14 09:24:11.294631','78','Samsung Galaxy Buds 3 Pro AI True Wireless Bluetooth Earbuds',2,'[{\"changed\": {\"fields\": [\"Image\"]}}]',14,2),(319,'2025-09-14 09:25:38.010036','88','Image for Samsung Galaxy Buds 3 Pro AI True Wireless Bluetooth Earbuds',1,'[{\"added\": {}}]',17,2),(320,'2025-09-14 09:33:07.987124','88','Google Pixel Buds Pro 2',1,'[{\"added\": {}}]',14,2),(321,'2025-09-14 09:34:24.054945','89','Image for Google Pixel Buds Pro 2',1,'[{\"added\": {}}]',17,2),(322,'2025-09-14 09:36:52.782595','88','Google Pixel Buds Pro 2',2,'[{\"changed\": {\"fields\": [\"Description\"]}}]',14,2),(323,'2025-09-14 09:39:41.779613','89','Image for Google Pixel Buds Pro 2',2,'[{\"changed\": {\"fields\": [\"Tertiary image\"]}}]',17,2),(324,'2025-09-14 09:58:43.676649','6','Pouches & Screen Protector/Guard',2,'[{\"changed\": {\"fields\": [\"Name\"]}}]',8,2),(325,'2025-09-14 09:59:29.101975','8','Watches & Smartwatches',2,'[{\"changed\": {\"fields\": [\"Name\"]}}]',8,2),(326,'2025-09-14 10:04:18.534319','3','Headsets-AirPods-Earbuds',2,'[{\"changed\": {\"fields\": [\"Name\"]}}]',8,2),(327,'2025-09-14 10:11:22.708312','11','ElectronicsComputers & AccessoriesComputer Accessories & PeripheralsCables & AccessoriesCables &',1,'[{\"added\": {}}]',8,2),(328,'2025-09-14 10:13:31.394084','12','Apple Products iPhone iPad Apple Watch Mac laptops Mac desktops Apple TV Accessories Beats by Dr. Dr',1,'[{\"added\": {}}]',8,2),(329,'2025-09-14 10:20:44.697599','10','Cell Phones & AccessoriesAccessoriesChargers & Power AdaptersCharging Stations',2,'[{\"changed\": {\"fields\": [\"Name\"]}}]',8,2),(330,'2025-09-14 10:22:34.448301','7','Cell Phones & AccessoriesAccessoriesChargers & Power AdaptersPortable Power Banks',2,'[{\"changed\": {\"fields\": [\"Name\"]}}]',8,2),(331,'2025-09-14 10:24:15.266974','6','Cell Phones & AccessoriesCases, Holsters & SleevesBasic Cases',2,'[{\"changed\": {\"fields\": [\"Name\"]}}]',8,2),(332,'2025-09-14 10:26:07.158469','13','Cell Phones & AccessoriesAccessoriesGaming AccessoriesTriggers',1,'[{\"added\": {}}]',8,2),(333,'2025-09-14 10:44:55.046518','3','Order 3 for User king',2,'[{\"changed\": {\"fields\": [\"Status\"]}}]',13,2),(334,'2025-09-14 10:49:29.114541','3','Order 3 for User king',3,'',13,2),(335,'2025-09-14 11:25:59.120638','11','AirPods 4',2,'[{\"changed\": {\"fields\": [\"Category\"]}}]',14,2),(336,'2025-09-14 11:26:36.200312','10','AirPods Pro 2 (2024 Model)',2,'[{\"changed\": {\"fields\": [\"Category\"]}}]',14,2),(337,'2025-09-14 11:29:46.248546','17','Apple 2022 iPad Pro',2,'[{\"changed\": {\"fields\": [\"Category\"]}}]',14,2),(338,'2025-09-14 11:30:36.891586','21','Apple 2020 iPad Pro (12.9-inch, Wi-Fi + Cellular, 512GB)',2,'[{\"changed\": {\"fields\": [\"Category\"]}}]',14,2),(339,'2025-09-14 11:46:20.371961','9','Video Games & Accessories',2,'[{\"changed\": {\"fields\": [\"Name\"]}}]',8,2),(340,'2025-09-14 11:52:51.231066','89','Nintendo Switch 2',1,'[{\"added\": {}}]',14,2),(341,'2025-09-14 11:54:51.680009','90','Image for Nintendo Switch 2',1,'[{\"added\": {}}]',17,2),(342,'2025-09-14 11:58:17.264252','89','Nintendo Switch 2',2,'[{\"changed\": {\"fields\": [\"Stock\", \"Image\"]}}]',14,2),(343,'2025-09-14 11:59:41.064412','89','Nintendo Switch 2',2,'[{\"changed\": {\"fields\": [\"Stock\"]}}]',14,2),(344,'2025-09-14 12:04:00.083807','39','Apple 2024 MacBook Pro Laptop with M4 chip',2,'[{\"changed\": {\"fields\": [\"Category\"]}}]',14,2),(345,'2025-09-14 12:04:59.863263','20','Apple 2021 11-inch iPad Pro (Wi-Fi + Cellular, 256GB)',2,'[{\"changed\": {\"fields\": [\"Category\"]}}]',14,2),(346,'2025-09-14 12:05:56.136978','40','Apple 2024 MacBook Pro Laptop with M4 Pro',2,'[{\"changed\": {\"fields\": [\"Category\"]}}]',14,2),(347,'2025-09-14 12:06:42.208349','42','Apple 2025 MacBook Air 13-inch Laptop with M4 chip',2,'[{\"changed\": {\"fields\": [\"Category\"]}}]',14,2),(348,'2025-09-14 12:07:52.559703','41','Apple 2025 MacBook Air 15-inch Laptop with M4 chip',2,'[{\"changed\": {\"fields\": [\"Category\"]}}]',14,2),(349,'2025-09-14 12:10:59.347714','76','Apple 240W USB-C to USB-C Woven Charge Cable (2 m)',2,'[{\"changed\": {\"fields\": [\"Category\"]}}]',14,2),(350,'2025-09-14 12:13:11.140799','69','Apple AirPods (3rd Generation) Wireless Earbuds with MagSafe Charging Case',2,'[{\"changed\": {\"fields\": [\"Category\"]}}]',14,2),(351,'2025-09-14 12:14:00.978947','12','Apple AirPods Max',2,'[{\"changed\": {\"fields\": [\"Category\"]}}]',14,2),(352,'2025-09-14 12:15:35.273462','85','Apple AirPods Max Ear Cushions',2,'[{\"changed\": {\"fields\": [\"Category\"]}}]',14,2),(353,'2025-09-14 12:22:03.959681','62','Apple AirPods Pro 3 Wireless Earbuds',2,'[{\"changed\": {\"fields\": [\"Category\"]}}]',14,2),(354,'2025-09-14 12:24:42.130197','1','Apple AirTag 4 Pack',2,'[{\"changed\": {\"fields\": [\"Category\"]}}]',14,2),(355,'2025-09-14 12:25:43.710524','86','Apple AirTag Loop/Case',2,'[{\"changed\": {\"fields\": [\"Category\"]}}]',14,2),(356,'2025-09-14 12:27:31.624719','33','Apple AirTag Single',2,'[{\"changed\": {\"fields\": [\"Category\"]}}]',14,2),(357,'2025-09-14 12:28:27.476928','19','Apple iPad Pro (M4)',2,'[{\"changed\": {\"fields\": [\"Category\"]}}]',14,2),(358,'2025-09-14 12:29:37.087026','18','Apple iPad Pro 2024',2,'[{\"changed\": {\"fields\": [\"Category\"]}}]',14,2),(359,'2025-09-14 12:30:58.552057','24','Apple iPhone 16 Pro Max, US Version, 256GB, Desert Titanium',2,'[{\"changed\": {\"fields\": [\"Category\"]}}]',14,2),(360,'2025-09-14 12:32:44.328203','23','Apple iPhone 16 Pro, US Version, 128GB, Black Titanium - Unlocked',2,'[{\"changed\": {\"fields\": [\"Category\"]}}]',14,2),(361,'2025-09-14 12:35:13.642267','22','Apple iPhone 16e',2,'[{\"changed\": {\"fields\": [\"Category\"]}}]',14,2),(362,'2025-09-14 12:36:17.914620','82','Apple iPhone 17 Pro 256GB',2,'[{\"changed\": {\"fields\": [\"Category\"]}}]',14,2),(363,'2025-09-14 12:37:15.215995','81','Apple iPhone Air',2,'[{\"changed\": {\"fields\": [\"Category\"]}}]',14,2),(364,'2025-09-14 12:37:58.249445','15','Apple Pencil (1st generation)',2,'[{\"changed\": {\"fields\": [\"Category\"]}}]',14,2),(365,'2025-09-14 12:38:48.784228','9','Apple Pencil (2nd Generation)',2,'[{\"changed\": {\"fields\": [\"Category\"]}}]',14,2),(366,'2025-09-14 12:39:32.362730','14','Apple Pencil (USB-C)',2,'[{\"changed\": {\"fields\": [\"Category\"]}}]',14,2),(367,'2025-09-14 12:41:13.753989','6','Order 6 for User sourceboy1',3,'',13,2),(368,'2025-09-14 12:41:13.754040','5','Order 5 for User sourceboy1',3,'',13,2),(369,'2025-09-14 12:41:57.290177','16','Apple Pencil Pro',2,'[{\"changed\": {\"fields\": [\"Category\"]}}]',14,2),(370,'2025-09-14 12:43:47.437557','63','Apple USB-C to Pencil (1st Generation) Adapter',2,'[{\"changed\": {\"fields\": [\"Category\"]}}]',14,2),(371,'2025-09-14 12:45:19.477776','31','Apple Watch SE (2nd Gen) [GPS + Cellular 40mm]',2,'[{\"changed\": {\"fields\": [\"Category\"]}}]',14,2),(372,'2025-09-14 12:46:45.924319','32','Apple Watch SE (2nd Gen) [GPS 40mm]',2,'[{\"changed\": {\"fields\": [\"Category\"]}}]',14,2),(373,'2025-09-14 14:27:48.282276','7','Order 7 for User sourceboy1',3,'',13,2),(374,'2025-09-14 14:27:48.282324','2','Order 2 for User sourceboy1',3,'',13,2),(375,'2025-09-14 15:49:12.287512','9','Order 9 for User sourceboy1',3,'',13,2),(376,'2025-09-14 15:49:12.287573','8','Order 8 for User sourceboy1',3,'',13,2),(377,'2025-09-14 19:52:34.923988','11','Order 11 for User sourceboy1',3,'',13,2),(378,'2025-09-14 19:52:34.924039','10','Order 10 for User sourceboy1',3,'',13,2),(379,'2025-09-14 20:47:46.075504','39','Apple 2024 MacBook Pro Laptop with M4 chip',2,'[{\"changed\": {\"fields\": [\"Category\"]}}]',14,2),(380,'2025-09-15 10:08:28.075027','13','Order 13 for User king',3,'',13,2),(381,'2025-09-15 10:08:28.075081','4','Order 4 for User king',3,'',13,2),(382,'2025-09-15 10:30:40.718259','22','Apple iPhone 16e',2,'[{\"changed\": {\"fields\": [\"Category\"]}}]',14,2),(383,'2025-09-15 10:33:00.893909','17','Apple 2022 iPad Pro',2,'[{\"changed\": {\"fields\": [\"Category\"]}}]',14,2),(384,'2025-09-15 10:34:31.469600','11','AirPods 4',2,'[{\"changed\": {\"fields\": [\"Category\"]}}]',14,2),(385,'2025-09-15 10:36:07.237203','3','HeadsetsAirPodsEarbuds',2,'[{\"changed\": {\"fields\": [\"Name\"]}}]',8,2),(386,'2025-09-15 10:36:15.710365','11','AirPods 4',2,'[]',14,2),(387,'2025-09-15 10:37:13.840870','10','AirPods Pro 2 (2024 Model)',2,'[{\"changed\": {\"fields\": [\"Category\"]}}]',14,2),(388,'2025-09-15 10:38:58.830880','37','Anker 737 Power Bank, 24,000mAh',2,'[{\"changed\": {\"fields\": [\"Category\"]}}]',14,2),(389,'2025-09-15 10:40:06.743656','36','Anker Laptop Power Bank, 25,000mAh',2,'[{\"changed\": {\"fields\": [\"Category\"]}}]',14,2),(390,'2025-09-15 10:40:47.262982','38','Anker Power Bank, 20,000mAh',2,'[{\"changed\": {\"fields\": [\"Category\"]}}]',14,2),(391,'2025-09-15 10:43:35.624389','56','Anker Prime Charger, 250W GaN Prime USB C Charging Station',2,'[{\"changed\": {\"fields\": [\"Category\"]}}]',14,2),(392,'2025-09-15 10:44:18.635356','34','Anker Prime Power Bank, 27,650mAh',2,'[{\"changed\": {\"fields\": [\"Category\"]}}]',14,2),(393,'2025-09-15 10:45:20.909334','35','ANKER Prime Power Bank, 27,650mAh with charging base',2,'[{\"changed\": {\"fields\": [\"Category\"]}}]',14,2),(394,'2025-09-15 10:46:24.341278','21','Apple 2020 iPad Pro (12.9-inch, Wi-Fi + Cellular, 512GB)',2,'[{\"changed\": {\"fields\": [\"Category\"]}}]',14,2),(395,'2025-09-15 10:48:01.578837','2','PhonesiPadsTablets',2,'[{\"changed\": {\"fields\": [\"Name\"]}}]',8,2),(396,'2025-09-15 10:48:03.487667','2','PhonesiPadsTablets',2,'[]',8,2),(397,'2025-09-15 10:48:04.716780','2','PhonesiPadsTablets',2,'[]',8,2),(398,'2025-09-15 10:48:14.484732','21','Apple 2020 iPad Pro (12.9-inch, Wi-Fi + Cellular, 512GB)',2,'[]',14,2),(399,'2025-09-15 10:49:28.989173','20','Apple 2021 11-inch iPad Pro (Wi-Fi + Cellular, 256GB)',2,'[{\"changed\": {\"fields\": [\"Category\"]}}]',14,2),(400,'2025-09-15 10:53:55.554803','40','Apple 2024 MacBook Pro Laptop with M4 Pro',2,'[{\"changed\": {\"fields\": [\"Category\"]}}]',14,2),(401,'2025-09-15 10:57:59.313756','42','Apple 2025 MacBook Air 13-inch Laptop with M4 chip',2,'[{\"changed\": {\"fields\": [\"Category\"]}}]',14,2),(402,'2025-09-15 11:00:13.175145','41','Apple 2025 MacBook Air 15-inch Laptop with M4 chip',2,'[{\"changed\": {\"fields\": [\"Category\"]}}]',14,2),(403,'2025-09-15 11:01:15.883623','76','Apple 240W USB-C to USB-C Woven Charge Cable (2 m)',2,'[{\"changed\": {\"fields\": [\"Category\"]}}]',14,2),(404,'2025-09-15 11:02:43.471566','69','Apple AirPods (3rd Generation) Wireless Earbuds with MagSafe Charging Case',2,'[{\"changed\": {\"fields\": [\"Category\"]}}]',14,2),(405,'2025-09-15 11:03:49.338799','12','Apple AirPods Max',2,'[{\"changed\": {\"fields\": [\"Category\"]}}]',14,2),(406,'2025-09-15 11:05:10.636307','85','Apple AirPods Max Ear Cushions',2,'[{\"changed\": {\"fields\": [\"Category\"]}}]',14,2),(407,'2025-09-15 11:07:37.048625','62','Apple AirPods Pro 3 Wireless Earbuds',2,'[{\"changed\": {\"fields\": [\"Category\"]}}]',14,2),(408,'2025-09-15 11:10:11.524605','1','Apple AirTag 4 Pack',2,'[{\"changed\": {\"fields\": [\"Category\"]}}]',14,2),(409,'2025-09-15 11:11:40.139303','82','Apple iPhone 17 Pro 256GB',2,'[{\"changed\": {\"fields\": [\"Category\"]}}]',14,2),(410,'2025-09-15 11:16:53.323974','86','Apple AirTag Loop/Case',2,'[{\"changed\": {\"fields\": [\"Category\"]}}]',14,2),(411,'2025-09-15 11:23:28.783867','33','Apple AirTag Single',2,'[{\"changed\": {\"fields\": [\"Category\"]}}]',14,2),(412,'2025-09-15 11:24:22.603261','19','Apple iPad Pro (M4)',2,'[{\"changed\": {\"fields\": [\"Category\"]}}]',14,2),(413,'2025-09-15 11:25:44.835103','81','Apple iPhone Air',2,'[{\"changed\": {\"fields\": [\"Category\"]}}]',14,2),(414,'2025-09-15 11:27:51.319329','18','Apple iPad Pro 2024',2,'[{\"changed\": {\"fields\": [\"Category\"]}}]',14,2),(415,'2025-09-15 11:29:19.228036','24','Apple iPhone 16 Pro Max, US Version, 256GB, Desert Titanium',2,'[{\"changed\": {\"fields\": [\"Category\"]}}]',14,2),(416,'2025-09-15 11:33:15.508884','23','Apple iPhone 16 Pro, US Version, 128GB, Black Titanium - Unlocked',2,'[{\"changed\": {\"fields\": [\"Category\"]}}]',14,2),(417,'2025-09-15 11:34:34.832830','57','Google Pixel 9 Pro XL Case - Android Phone Case - Durable Protection - Stain-Resistant Silicone - Sl',2,'[{\"changed\": {\"fields\": [\"Category\"]}}]',14,2),(418,'2025-09-15 11:39:06.422611','6','Cases & Screen Protector/Guard',2,'[{\"changed\": {\"fields\": [\"Name\"]}}]',8,2),(419,'2025-09-15 11:39:55.365661','66','Samsung Galaxy Z Fold7 Silicone Phone Case',2,'[]',14,2),(420,'2025-09-15 11:42:04.055784','57','Google Pixel 9 Pro XL Case - Android Phone Case - Durable Protection - Stain-Resistant Silicone - Sl',2,'[{\"changed\": {\"fields\": [\"Category\"]}}]',14,2),(421,'2025-09-15 11:44:01.150812','15','Apple Pencil (1st generation)',2,'[{\"changed\": {\"fields\": [\"Category\"]}}]',14,2),(422,'2025-09-15 11:46:03.346656','9','Apple Pencil (2nd Generation)',2,'[{\"changed\": {\"fields\": [\"Category\"]}}]',14,2),(423,'2025-09-15 11:46:49.404249','14','Apple Pencil (USB-C)',2,'[{\"changed\": {\"fields\": [\"Category\"]}}]',14,2),(424,'2025-09-15 11:58:19.832093','16','Apple Pencil Pro',2,'[{\"changed\": {\"fields\": [\"Category\"]}}]',14,2),(425,'2025-09-15 11:59:25.650395','63','Apple USB-C to Pencil (1st Generation) Adapter',2,'[{\"changed\": {\"fields\": [\"Category\"]}}]',14,2),(426,'2025-09-15 12:00:20.226414','31','Apple Watch SE (2nd Gen) [GPS + Cellular 40mm]',2,'[{\"changed\": {\"fields\": [\"Category\"]}}]',14,2),(427,'2025-09-15 12:02:18.715707','32','Apple Watch SE (2nd Gen) [GPS 40mm]',2,'[{\"changed\": {\"fields\": [\"Category\"]}}]',14,2),(428,'2025-09-15 12:03:57.093161','65','SAMSUNG Galaxy Z Fold 6 Phone Case Gray',2,'[{\"changed\": {\"fields\": [\"Category\"]}}]',14,2),(429,'2025-09-15 12:17:30.386899','91','Image for Apple iPhone 16 Pro, US Version, 128GB, Black Titanium - Unlocked',1,'[{\"added\": {}}]',17,2),(430,'2025-09-15 12:21:44.185978','91','Image for Apple iPhone 16 Pro, US Version, 128GB, Black Titanium - Unlocked',2,'[{\"changed\": {\"fields\": [\"Tertiary image\", \"Quaternary image\"]}}]',17,2),(431,'2025-09-15 12:23:58.785376','91','Image for Apple iPhone 16 Pro, US Version, 128GB, Black Titanium - Unlocked',2,'[{\"changed\": {\"fields\": [\"Image\", \"Secondary image\", \"Tertiary image\", \"Quaternary image\"]}}]',17,2),(432,'2025-09-15 12:26:39.868422','91','Image for Apple iPhone 16 Pro, US Version, 128GB, Black Titanium - Unlocked',2,'[{\"changed\": {\"fields\": [\"Image\", \"Secondary image\", \"Tertiary image\", \"Quaternary image\"]}}]',17,2),(433,'2025-09-15 12:27:41.198742','91','Image for Apple iPhone 16 Pro, US Version, 128GB, Black Titanium - Unlocked',2,'[{\"changed\": {\"fields\": [\"Image\", \"Secondary image\"]}}]',17,2),(434,'2025-09-15 12:52:58.710416','90','Apple Pencil Tips (4 pack)',1,'[{\"added\": {}}]',14,2),(435,'2025-09-15 16:23:48.368473','7','Power Banks',2,'[{\"changed\": {\"fields\": [\"Name\"]}}]',8,2),(436,'2025-09-15 19:01:11.992671','38','Anker Power Bank, 20,000mAh',2,'[{\"changed\": {\"fields\": [\"Category\"]}}]',14,2),(437,'2025-09-15 19:04:06.712465','36','Anker Laptop Power Bank, 25,000mAh',2,'[{\"changed\": {\"fields\": [\"Category\"]}}]',14,2),(438,'2025-09-15 19:05:16.197386','34','Anker Prime Power Bank, 27,650mAh',2,'[{\"changed\": {\"fields\": [\"Category\"]}}]',14,2),(439,'2025-09-15 19:06:09.408865','35','ANKER Prime Power Bank, 27,650mAh with charging base',2,'[{\"changed\": {\"fields\": [\"Category\"]}}]',14,2),(440,'2025-09-15 19:21:54.716300','92','Image for Apple Pencil Tips (4 pack)',1,'[{\"added\": {}}]',17,2),(441,'2025-09-15 19:27:00.943296','11','AirPods 4',2,'[{\"changed\": {\"fields\": [\"Price\"]}}]',14,2),(442,'2025-09-15 19:41:26.477625','12','Apple Products iPhone iPad Apple Watch Mac laptops Mac desktops Apple TV Accessories Beats by Dr. Dr',3,'',8,2),(443,'2025-09-15 19:41:26.477672','10','Cell Phones & AccessoriesAccessoriesChargers & Power AdaptersCharging Stations',3,'',8,2),(444,'2025-09-15 19:41:26.477689','13','Cell Phones & AccessoriesAccessoriesGaming AccessoriesTriggers',3,'',8,2),(445,'2025-09-15 19:41:26.477706','11','ElectronicsComputers & AccessoriesComputer Accessories & PeripheralsCables & AccessoriesCables &',3,'',8,2),(446,'2025-09-15 20:02:12.782891','4','Laptops & Gaming Laptops',2,'[{\"changed\": {\"fields\": [\"Name\"]}}]',8,2),(447,'2025-09-15 20:05:23.917679','4','Laptops & Computers',2,'[{\"changed\": {\"fields\": [\"Name\"]}}]',8,2),(448,'2025-09-15 20:09:00.852955','14','Electronics',1,'[{\"added\": {}}]',8,2),(449,'2025-09-16 04:07:00.862254','14','Order 14 for User sourceboy1',2,'[{\"changed\": {\"fields\": [\"Status\"]}}]',13,2),(450,'2025-09-16 04:12:12.325030','7','PowerBanks',2,'[{\"changed\": {\"fields\": [\"Name\"]}}]',8,2),(451,'2025-09-16 04:12:29.826602','7','Powerbanks',2,'[{\"changed\": {\"fields\": [\"Name\"]}}]',8,2),(452,'2025-09-16 04:25:59.846699','67','Google Pixel 10/10Pro & 10 Pro XL - Unlocked Android Smartphone',2,'[{\"changed\": {\"fields\": [\"Name\", \"Description\"]}}]',14,2),(453,'2025-09-16 05:13:38.388808','91','Pencil Case Compatible with Apple Pencil Pro/Apple Pencil 2nd Generation Case',1,'[{\"added\": {}}]',14,2),(454,'2025-09-16 05:17:29.724346','93','Image for Pencil Case Compatible with Apple Pencil Pro/Apple Pencil 2nd Generation Case',1,'[{\"added\": {}}]',17,2),(455,'2025-09-16 05:29:46.083015','92','BACKBONE One Mobile Gaming Controller for Android and iPhone 15/16 Series (USB-C) - 2nd Gen - Xbox',1,'[{\"added\": {}}]',14,2),(456,'2025-09-16 05:32:02.803772','92','BACKBONE One Mobile Gaming Controller for Android and iPhone 15/16 Series (USB-C) - Xbox Edition',2,'[{\"changed\": {\"fields\": [\"Name\"]}}]',14,2),(457,'2025-09-16 05:32:11.461022','94','Image for BACKBONE One Mobile Gaming Controller for Android and iPhone 15/16 Series (USB-C) - Xbox Edition',1,'[{\"added\": {}}]',17,2),(458,'2025-09-16 05:54:45.904769','94','Image for BACKBONE One Mobile Gaming Controller for Android and iPhone 15/16 Series (USB-C) - Xbox Edition',2,'[{\"changed\": {\"fields\": [\"Image\", \"Secondary image\"]}}]',17,2),(459,'2025-09-16 06:17:59.339653','93','Apple 20W USB-C Compact Power Adapter',1,'[{\"added\": {}}]',14,2),(460,'2025-09-16 06:30:17.655151','93','Apple 20W USB-C Power Adapter',2,'[{\"changed\": {\"fields\": [\"Name\"]}}]',14,2),(461,'2025-09-16 06:36:31.824082','95','Image for Apple 20W USB-C Power Adapter',1,'[{\"added\": {}}]',17,2),(462,'2025-09-16 06:39:54.267027','93','Apple 20W USB-C Power Adapter',2,'[{\"changed\": {\"fields\": [\"Image\"]}}]',14,2),(463,'2025-09-16 06:42:14.970874','96','Image for Apple 20W USB-C Power Adapter',1,'[{\"added\": {}}]',17,2),(464,'2025-09-16 06:45:57.554472','96','Image for Apple 20W USB-C Power Adapter',2,'[{\"changed\": {\"fields\": [\"Quaternary image\"]}}]',17,2),(465,'2025-09-16 06:48:32.652906','95','Image for Apple 20W USB-C Power Adapter',3,'',17,2),(466,'2025-09-16 06:49:39.968858','96','Image for Apple 20W USB-C Power Adapter',2,'[{\"changed\": {\"fields\": [\"Tertiary image\"]}}]',17,2),(467,'2025-09-16 17:02:42.730866','94','Google Pixel 9 Pro - Unlocked Android Smartphone with Gemini',1,'[{\"added\": {}}]',14,2),(468,'2025-09-16 17:03:51.173732','97','Image for Google Pixel 9 Pro - Unlocked Android Smartphone with Gemini',1,'[{\"added\": {}}]',17,2),(469,'2025-09-16 17:14:36.867863','97','Image for Google Pixel 9 Pro - Unlocked Android Smartphone with Gemini',2,'[{\"changed\": {\"fields\": [\"Image\"]}}]',17,2),(470,'2025-09-16 17:21:23.146461','95','Apple Magic Mouse  (Wireless, Rechargable)',1,'[{\"added\": {}}]',14,2),(471,'2025-09-16 17:23:32.261835','98','Image for Apple Magic Mouse  (Wireless, Rechargable)',1,'[{\"added\": {}}]',17,2),(472,'2025-09-16 17:50:25.741607','96','Apple Watch Ultra 3 [GPS + Cellular 49mm]',1,'[{\"added\": {}}]',14,2),(473,'2025-09-16 17:57:36.862447','96','Apple Watch Ultra 3 [GPS + Cellular 49mm]',2,'[{\"changed\": {\"fields\": [\"Image\"]}}]',14,2),(474,'2025-09-16 18:01:10.703504','99','Image for Apple Watch Ultra 3 [GPS + Cellular 49mm]',1,'[{\"added\": {}}]',17,2),(475,'2025-09-16 18:03:16.616234','96','Apple Watch Ultra 3 [GPS + Cellular 49mm]',2,'[{\"changed\": {\"fields\": [\"Category\"]}}]',14,2),(476,'2025-09-16 18:05:28.531647','96','Apple Watch Ultra 3 [GPS + Cellular 49mm]',2,'[{\"changed\": {\"fields\": [\"Is abroad order\"]}}]',14,2),(477,'2025-09-16 18:22:32.829688','97','Apple Watch SE 3 [GPS + Cellular 44mm] Smartwatch',1,'[{\"added\": {}}]',14,2),(478,'2025-09-16 18:23:14.275665','97','Apple Watch SE 3 [GPS + Cellular 44mm] Smartwatch',2,'[{\"changed\": {\"fields\": [\"Category\"]}}]',14,2),(479,'2025-09-16 18:26:59.030736','100','Image for Apple Watch SE 3 [GPS + Cellular 44mm] Smartwatch',1,'[{\"added\": {}}]',17,2),(480,'2025-09-16 18:31:44.936167','97','Apple Watch SE 3 [GPS + Cellular 44mm] Smartwatch',2,'[{\"changed\": {\"fields\": [\"Price\", \"Image\"]}}]',14,2),(481,'2025-09-16 18:34:07.273035','97','Apple Watch SE 3 [GPS + Cellular 44mm] Smartwatch',2,'[{\"changed\": {\"fields\": [\"Price\"]}}]',14,2),(482,'2025-09-16 19:23:28.716762','83','Apple Watch Series 11',2,'[]',14,2),(483,'2025-09-16 19:25:42.698943','83','Apple Watch Series 11',2,'[{\"changed\": {\"fields\": [\"Image\"]}}]',14,2),(484,'2025-09-16 19:36:05.065381','101','Image for Apple Watch Series 11',1,'[{\"added\": {}}]',17,2),(485,'2025-09-16 19:37:21.388561','84','Image for Apple Watch Series 11',3,'',17,2),(486,'2025-09-16 19:39:57.518424','83','Apple Watch Series 11',2,'[{\"changed\": {\"fields\": [\"Price\", \"Is abroad order\"]}}]',14,2),(487,'2025-09-18 17:14:44.314336','98','Blackmagic Design Mini Converter SDI To Analog',1,'[{\"added\": {}}]',14,2),(488,'2025-09-18 17:26:38.415793','102','Image for Blackmagic Design Mini Converter SDI To Analog',1,'[{\"added\": {}}]',17,2),(489,'2025-09-18 17:27:44.176213','102','Image for Blackmagic Design Mini Converter SDI To Analog',2,'[{\"changed\": {\"fields\": [\"Image\", \"Secondary image\", \"Tertiary image\", \"Quaternary image\"]}}]',17,2),(490,'2025-09-19 06:29:03.598837','15','Accessories for Electronics',1,'[{\"added\": {}}]',8,2),(491,'2025-09-19 06:31:03.780165','1','Accessrioes for Phones & Tablets',2,'[{\"changed\": {\"fields\": [\"Name\"]}}]',8,2),(492,'2025-09-19 06:31:15.551619','15','Accessories for Electronics',2,'[]',8,2),(493,'2025-09-19 06:31:31.419981','1','Accessories for Phones & Tablets',2,'[{\"changed\": {\"fields\": [\"Name\"]}}]',8,2),(494,'2025-09-19 06:34:05.693524','14','Electronics & Supply',2,'[{\"changed\": {\"fields\": [\"Name\"]}}]',8,2),(495,'2025-09-19 06:35:52.255785','98','Blackmagic Design Mini Converter SDI To Analog',2,'[{\"changed\": {\"fields\": [\"Category\"]}}]',14,2),(496,'2025-09-19 07:19:49.319608','2','Phones & Tablets',2,'[{\"changed\": {\"fields\": [\"Name\"]}}]',8,2),(497,'2025-09-19 07:48:45.960981','14','Electronics',2,'[{\"changed\": {\"fields\": [\"Name\"]}}]',8,2),(498,'2025-09-19 09:08:45.989409','16','Software & Server Services',1,'[{\"added\": {}}]',8,2),(499,'2025-09-19 21:06:35.966081','99','Apple 40W Dynamic Power Adapter with 60W Max',1,'[{\"added\": {}}]',14,2),(500,'2025-09-19 21:10:49.157523','99','Apple 40W Dynamic Power Adapter with 60W Max',2,'[{\"changed\": {\"fields\": [\"Image\"]}}]',14,2),(501,'2025-09-19 21:13:01.679435','103','Image for Apple 40W Dynamic Power Adapter with 60W Max',1,'[{\"added\": {}}]',17,2),(502,'2025-09-19 21:14:20.711874','103','Image for Apple 40W Dynamic Power Adapter with 60W Max',3,'',17,2),(503,'2025-09-19 21:15:37.015283','104','Image for Apple 40W Dynamic Power Adapter with 60W Max',1,'[{\"added\": {}}]',17,2),(504,'2025-09-19 21:16:29.682584','104','Image for Apple 40W Dynamic Power Adapter with 60W Max',2,'[{\"changed\": {\"fields\": [\"Image\"]}}]',17,2),(505,'2025-09-19 21:17:24.265834','104','Image for Apple 40W Dynamic Power Adapter with 60W Max',2,'[{\"changed\": {\"fields\": [\"Secondary image\"]}}]',17,2),(506,'2025-09-19 21:18:08.323783','104','Image for Apple 40W Dynamic Power Adapter with 60W Max',2,'[{\"changed\": {\"fields\": [\"Secondary image\"]}}]',17,2),(507,'2025-09-21 08:47:46.840872','100','Beats Flex Wireless Earbuds - Apple W1 Headphone Chip',1,'[{\"added\": {}}]',14,2),(508,'2025-09-21 08:49:31.559073','105','Image for Beats Flex Wireless Earbuds - Apple W1 Headphone Chip',1,'[{\"added\": {}}]',17,2),(509,'2025-09-21 08:51:39.047328','100','Beats Flex Wireless Earbuds - Apple W1 Headphone Chip',2,'[{\"changed\": {\"fields\": [\"Image\"]}}]',14,2),(510,'2025-09-21 08:58:02.720043','101','EarPods (USB-C)',1,'[{\"added\": {}}]',14,2),(511,'2025-09-21 09:02:15.874578','106','Image for EarPods (USB-C)',1,'[{\"added\": {}}]',17,2),(512,'2025-09-21 09:04:14.917158','101','Apple EarPods Headphones with USB-C Plug',2,'[{\"changed\": {\"fields\": [\"Name\"]}}]',14,2),(513,'2025-09-21 09:10:10.929656','102','Razer Kishi Ultra Gaming Controller for Android, iPhone 15 -17 Series',1,'[{\"added\": {}}]',14,2),(514,'2025-09-21 09:11:51.132203','107','Image for Razer Kishi Ultra Gaming Controller for Android, iPhone 15 -17 Series',1,'[{\"added\": {}}]',17,2),(515,'2025-09-21 11:19:11.847878','103','Nintendo Switch with Neon Blue and Neon Red JoyCon',1,'[{\"added\": {}}]',14,2),(516,'2025-09-21 11:20:15.952213','108','Image for Nintendo Switch with Neon Blue and Neon Red JoyCon',1,'[{\"added\": {}}]',17,2),(517,'2025-09-21 11:24:38.036556','104','Nintendo Switch  OLED Model w/White Joy-Con',1,'[{\"added\": {}}]',14,2),(518,'2025-09-21 11:25:45.546213','109','Image for Nintendo Switch  OLED Model w/White Joy-Con',1,'[{\"added\": {}}]',17,2),(519,'2025-09-21 11:32:26.658204','105','Samsung microSD Express Card  256GB for Nintendo Switch 2',1,'[{\"added\": {}}]',14,2),(520,'2025-09-21 11:35:54.664610','110','Image for Samsung microSD Express Card  256GB for Nintendo Switch 2',1,'[{\"added\": {}}]',17,2),(521,'2025-09-21 11:41:02.901954','106','Officially Licensed Nintendo Switch Case',1,'[{\"added\": {}}]',14,2),(522,'2025-09-21 11:42:10.342649','111','Image for Officially Licensed Nintendo Switch Case',1,'[{\"added\": {}}]',17,2),(523,'2025-09-21 11:45:52.859623','111','Image for Officially Licensed Nintendo Switch Case',2,'[{\"changed\": {\"fields\": [\"Tertiary image\"]}}]',17,2),(524,'2025-09-21 11:51:51.602123','107','Nintendo Switch Case for Oled & Switch',1,'[{\"added\": {}}]',14,2),(525,'2025-09-21 11:53:10.581281','112','Image for Nintendo Switch Case for Oled & Switch',1,'[{\"added\": {}}]',17,2),(526,'2025-09-21 12:01:50.798635','108','Tempered Glass Screen Protector for Nintendo Switch 2017, Oled and Switch 2 (2025 Model)',1,'[{\"added\": {}}]',14,2),(527,'2025-09-21 12:02:47.779638','113','Image for Tempered Glass Screen Protector for Nintendo Switch 2017, Oled and Switch 2 (2025 Model)',1,'[{\"added\": {}}]',17,2),(528,'2025-09-21 12:07:20.864711','108','Tempered Glass Screen Protector for Nintendo Switch 2017, Oled and Switch 2',2,'[{\"changed\": {\"fields\": [\"Name\"]}}]',14,2),(529,'2025-09-21 12:11:15.443355','113','Image for Tempered Glass Screen Protector for Nintendo Switch 2017, Oled and Switch 2',2,'[{\"changed\": {\"fields\": [\"Quaternary image\"]}}]',17,2),(530,'2025-09-21 18:57:22.169317','37','Anker 737 Power Bank, 24,000mAh',2,'[{\"changed\": {\"fields\": [\"Category\"]}}]',14,2),(531,'2025-09-21 19:04:28.163816','17','Cameras & Photography',1,'[{\"added\": {}}]',8,2),(532,'2025-09-21 19:05:05.349879','18','Home Appliances',1,'[{\"added\": {}}]',8,2),(533,'2025-09-21 19:07:34.965411','19','Networking Devices',1,'[{\"added\": {}}]',8,2),(534,'2025-09-21 19:07:50.757716','20','Drones',1,'[{\"added\": {}}]',8,2),(535,'2025-09-21 19:46:58.210898','109','Anker Portable Charger, 325 Power Bank (PowerCore Essential 20K)',1,'[{\"added\": {}}]',14,2),(536,'2025-09-21 19:53:15.072208','114','Image for Anker Portable Charger, 325 Power Bank (PowerCore Essential 20K)',1,'[{\"added\": {}}]',17,2),(537,'2025-09-21 20:10:57.280312','101','Apple EarPods Headphones with USB-C Plug',2,'[{\"changed\": {\"fields\": [\"Category\"]}}]',14,2),(538,'2025-09-22 08:47:26.524049','110','DJI Osmo Mobile 7P Gimbal Stabilizer for iPhone & Android',1,'[{\"added\": {}}]',14,2),(539,'2025-09-22 08:49:12.101182','115','Image for DJI Osmo Mobile 7P Gimbal Stabilizer for iPhone & Android',1,'[{\"added\": {}}]',17,2),(540,'2025-09-22 09:18:07.819254','111','DJI Osmo Mobile 6 Gimbal Stabilizer for Smartphones',1,'[{\"added\": {}}]',14,2),(541,'2025-09-22 09:26:25.173842','116','Image for DJI Osmo Mobile 6 Gimbal Stabilizer for Smartphones',1,'[{\"added\": {}}]',17,2),(542,'2025-09-22 10:09:48.201269','14','Order 14 for User sourceboy1',2,'[{\"changed\": {\"fields\": [\"Payment confirmed\"]}}]',13,2),(543,'2025-09-22 11:06:29.650912','112','DJI Osmo Mobile SE, 3-Axis Phone Gimbal for iPhone and Android',1,'[{\"added\": {}}]',14,2),(544,'2025-09-22 11:07:55.893293','117','Image for DJI Osmo Mobile SE, 3-Axis Phone Gimbal for iPhone and Android',1,'[{\"added\": {}}]',17,2),(545,'2025-09-22 18:02:26.268835','15','Order 15 for User sourceboy1',3,'',13,2),(546,'2025-09-22 18:02:26.268886','14','Order 14 for User sourceboy1',3,'',13,2),(547,'2025-09-22 18:02:26.268905','12','Order 12 for User sourceboy1',3,'',13,2),(548,'2025-09-22 18:02:26.268920','1','Order 1 for User sourceboy1',3,'',13,2),(549,'2025-09-23 07:42:45.444457','20','Drones & Accessories',2,'[{\"changed\": {\"fields\": [\"Name\"]}}]',8,2),(550,'2025-09-23 07:45:07.706040','3','Headsets-AirPods-Earbuds',2,'[{\"changed\": {\"fields\": [\"Name\"]}}]',8,2),(551,'2025-09-23 07:46:22.801423','3','Headsets & AirPods/Earbuds',2,'[{\"changed\": {\"fields\": [\"Name\"]}}]',8,2),(552,'2025-09-23 11:22:25.771362','14','Consumer Electronics',2,'[{\"changed\": {\"fields\": [\"Name\"]}}]',8,2),(553,'2025-09-23 17:50:49.544419','113','SAMSUNG Galaxy Z Fold5 Slim Phone Case with Built-In New Compact S Pen',1,'[{\"added\": {}}]',14,2),(554,'2025-09-23 17:51:41.115542','118','Image for SAMSUNG Galaxy Z Fold5 Slim Phone Case with Built-In New Compact S Pen',1,'[{\"added\": {}}]',17,2),(555,'2025-09-23 17:54:10.070789','113','SAMSUNG Galaxy Z Fold5 Slim Phone Case with Built-In New Compact S Pen',2,'[{\"changed\": {\"fields\": [\"Price\"]}}]',14,2),(556,'2025-09-25 08:21:29.623136','58','BACKBONE One Mobile Gaming Controller for Android and iPhone 15/16/17 (USB-C) - PlayStation Edit',2,'[{\"changed\": {\"fields\": [\"Name\", \"Description\", \"Category\"]}}]',14,2),(557,'2025-09-25 08:22:32.727542','92','BACKBONE One Mobile Gaming Controller for Android and iPhone 15/16/17 Series (USB-C) - Xbox Edition',2,'[{\"changed\": {\"fields\": [\"Name\", \"Description\", \"Category\"]}}]',14,2),(558,'2025-09-25 08:58:30.653444','114','BACKBONE One Mobile Gaming Controller for iPhone 14 & Older (PlayStation Edition) Lightning',1,'[{\"added\": {}}]',14,2),(559,'2025-09-25 08:59:41.796201','119','Image for BACKBONE One Mobile Gaming Controller for iPhone 14 & Older (PlayStation Edition) Lightning',1,'[{\"added\": {}}]',17,2),(560,'2025-09-25 11:46:13.601793','106','Officially Licensed Nintendo Switch Case',2,'[{\"changed\": {\"fields\": [\"Description\", \"Price\", \"Image\"]}}]',14,2),(561,'2025-09-25 12:03:52.497371','120','Image for Officially Licensed Nintendo Switch Case',1,'[{\"added\": {}}]',17,2),(562,'2025-09-25 12:17:25.741949','111','Image for Officially Licensed Nintendo Switch Case',2,'[{\"changed\": {\"fields\": [\"Image\", \"Secondary image\", \"Tertiary image\", \"Quaternary image\"]}}]',17,2),(563,'2025-09-25 17:23:58.625105','120','Image for Officially Licensed Nintendo Switch Case',3,'',17,2),(564,'2025-10-01 08:03:41.859013','115','Amazon Fire HD 10 Kids Pro tablet (newest model) ages 6-12',1,'[{\"added\": {}}]',14,2),(565,'2025-10-01 08:04:46.302837','121','Image for Amazon Fire HD 10 Kids Pro tablet (newest model) ages 6-12',1,'[{\"added\": {}}]',17,2),(566,'2025-10-01 08:07:53.628270','115','Amazon Fire HD 10 Kids Pro tablet (newest model) ages 6-12',2,'[{\"changed\": {\"fields\": [\"Image\"]}}]',14,2),(567,'2025-10-01 13:28:38.863951','116','Anker USB C Hub, 7-in-1 Multi-Port USB Adapter for Laptops',1,'[{\"added\": {}}]',14,2),(568,'2025-10-01 13:31:18.549904','122','Image for Anker USB C Hub, 7-in-1 Multi-Port USB Adapter for Laptops',1,'[{\"added\": {}}]',17,2),(569,'2025-10-01 13:51:49.919986','117','Anker USB C Hub, 5-in-1 USBC to HDMI Splitter with 4K Display',1,'[{\"added\": {}}]',14,2),(570,'2025-10-01 21:49:37.089550','21','Order 21 for User sourceboy1',3,'',13,2),(571,'2025-10-01 21:49:37.089596','20','Order 20 for User sourceboy1',3,'',13,2),(572,'2025-10-01 21:49:37.089614','19','Order 19 for User sourceboy1',3,'',13,2),(573,'2025-10-01 21:49:37.089627','18','Order 18 for User sourceboy1',3,'',13,2),(574,'2025-10-01 21:49:37.089640','17','Order 17 for User sourceboy1',3,'',13,2),(575,'2025-10-01 21:49:37.089650','16','Order 16 for User sourceboy1',3,'',13,2),(576,'2025-10-01 22:31:58.435231','22','Order 22 for User sourceboy1',2,'[{\"changed\": {\"fields\": [\"Status\"]}}]',13,2),(577,'2025-10-01 23:13:02.798581','22','Order 22 for User sourceboy1',2,'[{\"changed\": {\"fields\": [\"Status\"]}}]',13,2),(578,'2025-10-02 08:18:24.958477','5','king',3,'',9,2),(579,'2025-10-02 08:19:28.638545','87','Anker HDMI Cable 8K@60Hz',2,'[{\"changed\": {\"fields\": [\"Category\"]}}]',14,2),(580,'2025-10-02 08:21:00.520899','14','Consumer Electronics/Accessories',2,'[{\"changed\": {\"fields\": [\"Name\"]}}]',8,2),(581,'2025-10-02 08:37:24.781036','4','Laptops,Computers & Accessories',2,'[{\"changed\": {\"fields\": [\"Name\"]}}]',8,2),(582,'2025-10-02 08:38:24.652154','14','Consumer Electronics',2,'[{\"changed\": {\"fields\": [\"Name\"]}}]',8,2),(583,'2025-10-02 09:49:22.788893','3','AirPods/Earbuds & Headsets',2,'[{\"changed\": {\"fields\": [\"Name\"]}}]',8,2),(584,'2025-10-02 09:49:55.141096','14','Electronics',2,'[{\"changed\": {\"fields\": [\"Name\"]}}]',8,2),(585,'2025-10-02 09:51:11.125949','6','Screen Protector/Guard & Cases',2,'[{\"changed\": {\"fields\": [\"Name\"]}}]',8,2),(586,'2025-10-02 09:52:23.356489','4','Laptops/Computers & Accessories',2,'[{\"changed\": {\"fields\": [\"Name\"]}}]',8,2),(587,'2025-10-03 09:05:32.306373','22','Order 22 for User sourceboy1',2,'[{\"changed\": {\"fields\": [\"Status\"]}}]',13,2),(588,'2025-10-03 09:06:33.253854','22','Order 22 for User sourceboy1',2,'[{\"changed\": {\"fields\": [\"Status\"]}}]',13,2),(589,'2025-10-03 09:07:33.969403','22','Order 22 for User sourceboy1',2,'[{\"changed\": {\"fields\": [\"Status\"]}}]',13,2),(590,'2025-10-03 09:18:08.672624','22','Order 22 for User sourceboy1',2,'[{\"changed\": {\"fields\": [\"Status\"]}}]',13,2),(591,'2025-10-03 09:19:10.974734','22','Order 22 for User sourceboy1',2,'[{\"changed\": {\"fields\": [\"Status\"]}}]',13,2),(592,'2025-10-03 09:27:54.632573','22','Order 22 for User sourceboy1',2,'[{\"changed\": {\"fields\": [\"Status\"]}}]',13,2),(593,'2025-10-03 09:32:08.656988','22','Order 22 for User sourceboy1',2,'[{\"changed\": {\"fields\": [\"Payment confirmed\"]}}]',13,2),(594,'2025-10-08 13:42:36.338680','118','iPhone FineWoven Wallet with MagSafe',1,'[{\"added\": {}}]',14,2),(595,'2025-10-08 13:45:20.183768','123','Image for iPhone FineWoven Wallet with MagSafe',1,'[{\"added\": {}}]',17,2),(596,'2025-10-08 13:47:21.298685','118','Original Apple iPhone FineWoven Wallet with MagSafe',2,'[{\"changed\": {\"fields\": [\"Name\", \"Description\"]}}]',14,2),(597,'2025-10-08 15:09:10.174861','119','INIU for MagSafe Portable Charger',1,'[{\"added\": {}}]',14,2),(598,'2025-10-08 15:10:13.457879','124','Image for INIU for MagSafe Portable Charger',1,'[{\"added\": {}}]',17,2),(599,'2025-10-08 15:11:15.246013','119','MagSafe Portable Charger by INIU',2,'[{\"changed\": {\"fields\": [\"Name\"]}}]',14,2),(600,'2025-10-08 15:18:49.855430','120','Anker Nano Power Bank, Ultra-Slim 5,000mAh Magnetic Battery Pack',1,'[{\"added\": {}}]',14,2),(601,'2025-10-08 15:19:31.342964','125','Image for Anker Nano Power Bank, Ultra-Slim 5,000mAh Magnetic Battery Pack',1,'[{\"added\": {}}]',17,2),(602,'2025-10-08 15:20:11.306872','119','MagSafe Portable Charger by INIU',2,'[{\"changed\": {\"fields\": [\"Category\"]}}]',14,2),(603,'2025-10-08 15:48:36.186306','121','Anker MagGo Power Bank (5K, Slim)',1,'[{\"added\": {}}]',14,2),(604,'2025-10-08 15:49:06.899913','121','Anker MagGo Power Bank (5K, Slim)',2,'[{\"changed\": {\"fields\": [\"Image\"]}}]',14,2),(605,'2025-10-08 15:51:27.145066','126','Image for Anker MagGo Power Bank (5K, Slim)',1,'[{\"added\": {}}]',17,2),(606,'2025-10-08 15:59:27.703429','95','Magic Mouse (USBC) - White/Black Multi-Touch Surface',2,'[{\"changed\": {\"fields\": [\"Name\", \"Category\"]}}]',14,2),(607,'2025-10-08 19:08:22.373273','122','Apple iPhone Air MagSafe Battery',1,'[{\"added\": {}}]',14,2),(608,'2025-10-08 19:12:36.428154','127','Image for Apple iPhone Air MagSafe Battery',1,'[{\"added\": {}}]',17,2),(609,'2025-10-08 19:13:40.888361','81','Apple iPhone Air',2,'[{\"changed\": {\"fields\": [\"Category\"]}}]',14,2),(610,'2025-10-08 19:15:36.800390','81','Apple iPhone Air',2,'[{\"changed\": {\"fields\": [\"Category\"]}}]',14,2),(611,'2025-10-08 19:16:13.652385','122','Apple iPhone Air MagSafe Battery',2,'[{\"changed\": {\"fields\": [\"Category\"]}}]',14,2),(612,'2025-10-08 19:17:44.445936','122','Apple iPhone Air MagSafe Battery',2,'[{\"changed\": {\"fields\": [\"Abroad delivery days\"]}}]',14,2),(613,'2025-10-08 19:29:49.520525','123','Apple Magic Trackpad (USBC) - Black/white Multi-Touch Surface',1,'[{\"added\": {}}]',14,2),(614,'2025-10-08 19:30:43.253587','128','Image for Apple Magic Trackpad (USBC) - Black/white Multi-Touch Surface',1,'[{\"added\": {}}]',17,2);
/*!40000 ALTER TABLE `django_admin_log` ENABLE KEYS */;
UNLOCK TABLES;

--
-- Table structure for table `django_content_type`
--

DROP TABLE IF EXISTS `django_content_type`;
/*!40101 SET @saved_cs_client     = @@character_set_client */;
/*!50503 SET character_set_client = utf8mb4 */;
CREATE TABLE `django_content_type` (
  `id` int NOT NULL AUTO_INCREMENT,
  `app_label` varchar(100) NOT NULL,
  `model` varchar(100) NOT NULL,
  PRIMARY KEY (`id`),
  UNIQUE KEY `django_content_type_app_label_model_76bd3d3b_uniq` (`app_label`,`model`)
) ENGINE=InnoDB AUTO_INCREMENT=19 DEFAULT CHARSET=utf8mb4 COLLATE=utf8mb4_0900_ai_ci;
/*!40101 SET character_set_client = @saved_cs_client */;

--
-- Dumping data for table `django_content_type`
--

LOCK TABLES `django_content_type` WRITE;
/*!40000 ALTER TABLE `django_content_type` DISABLE KEYS */;
INSERT INTO `django_content_type` VALUES (1,'admin','logentry'),(3,'auth','group'),(2,'auth','permission'),(4,'contenttypes','contenttype'),(10,'main_app','cart'),(16,'main_app','cartitem'),(8,'main_app','category'),(9,'main_app','customuser'),(13,'main_app','order'),(15,'main_app','orderitem'),(11,'main_app','passwordresettoken'),(6,'main_app','payment'),(7,'main_app','paymentdetail'),(12,'main_app','paymentmethod'),(14,'main_app','product'),(17,'main_app','productimage'),(18,'main_app','shippingaddress'),(5,'sessions','session');
/*!40000 ALTER TABLE `django_content_type` ENABLE KEYS */;
UNLOCK TABLES;

--
-- Table structure for table `django_migrations`
--

DROP TABLE IF EXISTS `django_migrations`;
/*!40101 SET @saved_cs_client     = @@character_set_client */;
/*!50503 SET character_set_client = utf8mb4 */;
CREATE TABLE `django_migrations` (
  `id` bigint NOT NULL AUTO_INCREMENT,
  `app` varchar(255) NOT NULL,
  `name` varchar(255) NOT NULL,
  `applied` datetime(6) NOT NULL,
  PRIMARY KEY (`id`)
) ENGINE=InnoDB AUTO_INCREMENT=43 DEFAULT CHARSET=utf8mb4 COLLATE=utf8mb4_0900_ai_ci;
/*!40101 SET character_set_client = @saved_cs_client */;

--
-- Dumping data for table `django_migrations`
--

LOCK TABLES `django_migrations` WRITE;
/*!40000 ALTER TABLE `django_migrations` DISABLE KEYS */;
INSERT INTO `django_migrations` VALUES (1,'contenttypes','0001_initial','2025-08-27 13:47:06.287355'),(2,'contenttypes','0002_remove_content_type_name','2025-08-27 13:47:07.663633'),(3,'auth','0001_initial','2025-08-27 13:47:10.847603'),(4,'auth','0002_alter_permission_name_max_length','2025-08-27 13:47:11.286480'),(5,'auth','0003_alter_user_email_max_length','2025-08-27 13:47:11.484812'),(6,'auth','0004_alter_user_username_opts','2025-08-27 13:47:11.687051'),(7,'auth','0005_alter_user_last_login_null','2025-08-27 13:47:11.894661'),(8,'auth','0006_require_contenttypes_0002','2025-08-27 13:47:12.045981'),(9,'auth','0007_alter_validators_add_error_messages','2025-08-27 13:47:12.213663'),(10,'auth','0008_alter_user_username_max_length','2025-08-27 13:47:12.534794'),(11,'auth','0009_alter_user_last_name_max_length','2025-08-27 13:47:12.712963'),(12,'auth','0010_alter_group_name_max_length','2025-08-27 13:47:13.203420'),(13,'auth','0011_update_proxy_permissions','2025-08-27 13:47:13.976392'),(14,'auth','0012_alter_user_first_name_max_length','2025-08-27 13:47:14.180217'),(15,'main_app','0001_initial','2025-08-27 13:47:31.394408'),(16,'admin','0001_initial','2025-08-27 13:47:32.862391'),(17,'admin','0002_logentry_remove_auto_add','2025-08-27 13:47:33.097633'),(18,'admin','0003_logentry_add_action_flag_choices','2025-08-27 13:47:33.445532'),(19,'main_app','0002_alter_paymentmethod_user','2025-08-27 13:47:36.550064'),(20,'sessions','0001_initial','2025-08-27 13:47:37.471120'),(21,'main_app','0003_product_abroad_delivery_days_product_is_abroad_order','2025-09-11 09:02:30.592407'),(22,'main_app','0004_alter_product_image_alter_productimage_image_and_more','2025-09-15 19:18:33.646946'),(30,'main_app','0002_paymentdetail_alter_order_options_and_more','2025-09-21 16:06:44.756425'),(31,'main_app','0003_remove_order_payment_method_id_order_payment_method','2025-09-21 16:07:55.315710'),(32,'main_app','0004_alter_order_payment_method','2025-09-21 16:07:55.460961'),(33,'main_app','0005_order_payment_confirmed_order_transaction_reference_and_more','2025-09-21 16:07:55.606438'),(34,'main_app','0006_alter_order_status','2025-09-21 16:07:55.751853'),(35,'main_app','0007_rename_payment_method_order_payment_method_id','2025-09-21 16:19:47.842034'),(36,'main_app','0002_remove_order_transaction_reference','2025-09-21 18:18:35.549269'),(37,'main_app','0003_order_transaction_reference','2025-09-21 18:18:35.887950'),(38,'main_app','0004_remove_order_payment_confirmed','2025-09-21 18:31:44.939456'),(39,'main_app','0005_order_payment_confirmed','2025-09-21 18:31:45.420865'),(42,'main_app','0007_alter_order_status','2025-10-03 09:04:01.133055');
/*!40000 ALTER TABLE `django_migrations` ENABLE KEYS */;
UNLOCK TABLES;
